meanBytes,minBytes,maxBytes,medAbsDev,skewLength,kurtosisLength,meanTBP,varTBP,medianTBP,kurtosisTBP,skewTBP,network_total,network_in,network_out,network_external,network_local,network_in_local,network_out_local,meanBytes_out_external,meanBytes_in_external,meanBytes_out_local,meanBytes_in_local,device,state,event,start_time,protocol,hosts
54.0,54,54,0.0,0.0,-3.0,0.005817,6.7674978e-05,0.005817,-2.0,0.0,2,1,1,2,0,0,0,54.0,54.0,0.0,0.0,amazon-plug,android_wan_on,2021-08-04_19:12:46.37s,1628118778.84096,TCP,a1piwaqdydua5q.iot.us-east-1.amazonaws.com
194.54545454545453,54,448,48.92587321068486,0.6059037743229466,-1.5423974847523747,0.012517636363636364,0.00031047613925454557,0.004477,0.7428466169148318,1.5603480156107625,11,7,4,11,0,0,0,144.5,223.14285714285714,0.0,0.0,amazon-plug,android_wan_on,2021-08-04_19:12:46.37s,1628118786.950019,TCP,a1piwaqdydua5q.iot.us-east-1.amazonaws.com
69.5,54,85,22.98033438683683,0.0,-2.0,0.07704625000000001,0.02132320138691667,0.0061275,-0.6704901129936913,1.1499002353062064,4,2,2,4,0,0,0,69.5,69.5,0.0,0.0,amazon-plug,android_wan_on,2021-08-04_19:12:46.37s,1628118801.0348532,TCP,a1piwaqdydua5q.iot.us-east-1.amazonaws.com
69.5,54,85,22.98033438683683,0.0,-2.0,0.00450625,2.535287358333333e-05,0.0031975,-0.9180150306413508,0.7819074896557646,4,2,2,4,0,0,0,69.5,69.5,0.0,0.0,amazon-plug,android_wan_on,2021-08-04_22:31:08.38s,1628130691.163948,TCP,a1piwaqdydua5q.iot.us-east-1.amazonaws.com
54.0,54,54,0.0,0.0,-3.0,0.0057915,6.70829445e-05,0.0057915,-2.0,0.0,2,1,1,2,0,0,0,54.0,54.0,0.0,0.0,amazon-plug,android_wan_on,2021-08-04_22:31:08.38s,1628130680.628084,TCP,a1piwaqdydua5q.iot.us-east-1.amazonaws.com
205.7,54,782,48.92587321068486,1.486603157797983,0.921634381417908,0.019372499999999997,0.0004591120500555554,0.010217500000000001,-0.1592671245152104,1.2027685536394561,10,6,4,10,0,0,0,144.5,246.5,0.0,0.0,amazon-plug,android_wan_on,2021-08-04_22:31:08.38s,1628130689.022972,TCP,a1piwaqdydua5q.iot.us-east-1.amazonaws.com
54.0,54,54,0.0,0.0,-3.0,0.005866,6.8819912e-05,0.005866,-2.0,0.0,2,1,1,2,0,0,0,54.0,54.0,0.0,0.0,amazon-plug,android_wan_on,2021-08-04_23:49:02.37s,1628135354.414591,TCP,a1piwaqdydua5q.iot.us-east-1.amazonaws.com
182.83333333333334,54,448,48.92587321068486,0.7432096994944078,-1.3565467873877273,0.011853333333333334,0.0003314913786060606,0.0029135000000000003,1.1775040081611445,1.6935081767078577,12,7,5,12,0,0,0,126.4,223.14285714285714,0.0,0.0,amazon-plug,android_wan_on,2021-08-04_23:49:02.37s,1628135362.9495323,TCP,a1piwaqdydua5q.iot.us-east-1.amazonaws.com
69.5,54,85,22.98033438683683,0.0,-2.0,0.08940175,0.029131945273583332,0.0061565000000000005,-0.6694105434614817,1.1512379538995692,4,2,2,4,0,0,0,69.5,69.5,0.0,0.0,amazon-plug,android_wan_on,2021-08-04_23:49:02.37s,1628135374.059696,TCP,a1piwaqdydua5q.iot.us-east-1.amazonaws.com
194.54545454545453,54,448,48.92587321068486,0.6059037743229466,-1.5423974847523747,0.012974181818181819,0.00036748065136363637,0.003415,0.5197884102046015,1.521049129775189,11,7,4,11,0,0,0,144.5,223.14285714285714,0.0,0.0,amazon-plug,android_wan_on,2021-08-04_21:49:50.37s,1628128210.386239,TCP,a1piwaqdydua5q.iot.us-east-1.amazonaws.com
54.0,54,54,0.0,0.0,-3.0,0.0057775,6.675901249999999e-05,0.0057775,-2.0,0.0,2,1,1,2,0,0,0,54.0,54.0,0.0,0.0,amazon-plug,android_wan_on,2021-08-04_21:49:50.37s,1628128201.6921911,TCP,a1piwaqdydua5q.iot.us-east-1.amazonaws.com
54.0,54,54,0.0,0.0,-3.0,0.0057799999999999995,6.68168e-05,0.0057799999999999995,-2.0,0.0,2,1,1,2,0,0,0,54.0,54.0,0.0,0.0,amazon-plug,android_wan_on,2021-08-05_03:05:29.38s,1628147141.541904,TCP,a1piwaqdydua5q.iot.us-east-1.amazonaws.com
182.83333333333334,54,448,48.92587321068486,0.7432096994944078,-1.3565467873877273,0.011262916666666666,0.0003106491986287879,0.0032385,1.132156221569172,1.666350231032699,12,7,5,12,0,0,0,126.4,223.14285714285714,0.0,0.0,amazon-plug,android_wan_on,2021-08-05_03:05:29.38s,1628147150.0699651,TCP,a1piwaqdydua5q.iot.us-east-1.amazonaws.com
346.0,342,350,5.930408874022408,0.0,-2.0,0.104094,0.021671121672000002,0.104094,-2.0,0.0,2,0,0,0,2,1,1,0.0,0.0,350.0,342.0,amazon-plug,android_wan_on,2021-08-05_03:46:06.37s,1628149587.157598,DHCP,22:ef:03:1a:97:b9
54.0,54,54,0.0,0.0,-3.0,0.0058125,6.75703125e-05,0.0058125,-2.0,0.0,2,1,1,2,0,0,0,54.0,54.0,0.0,0.0,amazon-plug,android_wan_on,2021-08-05_03:46:06.37s,1628149578.167687,TCP,a1piwaqdydua5q.iot.us-east-1.amazonaws.com
182.83333333333334,54,448,48.92587321068486,0.7432096994944078,-1.3565467873877273,0.012368166666666666,0.00031243988087878785,0.0038535,1.2558655160845005,1.639594301840875,12,7,5,12,0,0,0,126.4,223.14285714285714,0.0,0.0,amazon-plug,android_wan_on,2021-08-05_03:46:06.37s,1628149586.5177698,TCP,a1piwaqdydua5q.iot.us-east-1.amazonaws.com
182.83333333333334,54,448,48.92587321068486,0.7432096994944078,-1.3565467873877273,0.011680583333333333,0.0003172772037196969,0.0043465,1.1902055133138516,1.664543114475435,12,7,5,12,0,0,0,126.4,223.14285714285714,0.0,0.0,amazon-plug,android_wan_on,2021-08-04_19:53:10.37s,1628121210.42124,TCP,a1piwaqdydua5q.iot.us-east-1.amazonaws.com
54.0,54,54,0.0,0.0,-3.0,0.0058325,6.80361125e-05,0.0058325,-2.0,0.0,2,1,1,2,0,0,0,54.0,54.0,0.0,0.0,amazon-plug,android_wan_on,2021-08-04_19:53:10.37s,1628121202.0723891,TCP,a1piwaqdydua5q.iot.us-east-1.amazonaws.com
54.0,54,54,0.0,0.0,-3.0,0.005799,6.7256802e-05,0.005799,-2.0,0.0,2,1,1,2,0,0,0,54.0,54.0,0.0,0.0,amazon-plug,android_wan_on,2021-08-04_23:50:20.37s,1628135431.920655,TCP,a1piwaqdydua5q.iot.us-east-1.amazonaws.com
182.83333333333334,54,448,48.92587321068486,0.7432096994944078,-1.3565467873877273,0.011733500000000001,0.000267150047909091,0.0046245,1.9490733534261482,1.805691156682901,12,7,5,12,0,0,0,126.4,223.14285714285714,0.0,0.0,amazon-plug,android_wan_on,2021-08-04_23:50:20.37s,1628135440.5069869,TCP,a1piwaqdydua5q.iot.us-east-1.amazonaws.com
194.54545454545453,54,448,48.92587321068486,0.6059037743229466,-1.5423974847523747,0.017142272727272728,0.00043719430261818183,0.010026,0.09701762383734369,1.2781536713319628,11,7,4,11,0,0,0,144.5,223.14285714285714,0.0,0.0,amazon-plug,android_wan_on,2021-08-04_21:51:07.38s,1628128288.104357,TCP,a1piwaqdydua5q.iot.us-east-1.amazonaws.com
205.7,54,782,48.92587321068486,1.486603157797983,0.921634381417908,0.0186182,0.00041070473395555564,0.009081,-0.7135458767792384,0.99040326533881,10,6,4,10,0,0,0,144.5,246.5,0.0,0.0,amazon-plug,android_wan_on,2021-08-05_01:48:25.37s,1628142525.740256,TCP,a1piwaqdydua5q.iot.us-east-1.amazonaws.com
182.83333333333334,54,448,48.92587321068486,0.7432096994944078,-1.3565467873877273,0.010844583333333333,0.00026151946517424243,0.003854,3.0816144140755926,2.052262888786405,12,7,5,12,0,0,0,126.4,223.14285714285714,0.0,0.0,amazon-plug,android_wan_on,2021-08-04_18:34:20.38s,1628116481.1623251,TCP,a1piwaqdydua5q.iot.us-east-1.amazonaws.com
54.0,54,54,0.0,0.0,-3.0,0.0058105,6.75238205e-05,0.0058105,-2.0,0.0,2,1,1,2,0,0,0,54.0,54.0,0.0,0.0,amazon-plug,android_wan_on,2021-08-05_01:48:25.37s,1628142520.3486621,TCP,a1piwaqdydua5q.iot.us-east-1.amazonaws.com
194.54545454545453,54,448,48.92587321068486,0.6059037743229466,-1.5423974847523747,0.018019181818181816,0.0004925732827636363,0.006693999999999999,-0.983352209498702,0.93885220146392,11,7,4,11,0,0,0,144.5,223.14285714285714,0.0,0.0,amazon-plug,android_wan_on,2021-08-04_20:31:29.37s,1628123509.618536,TCP,a1piwaqdydua5q.iot.us-east-1.amazonaws.com
182.83333333333334,54,448,48.92587321068486,0.743209699494408,-1.3565467873877273,0.011819249999999998,0.00029639934765909095,0.004857,1.19273450559003,1.6751554474570207,12,7,5,12,0,0,0,126.4,223.14285714285714,0.0,0.0,amazon-plug,android_wan_on,2021-08-05_00:29:26.37s,1628137786.6907172,TCP,a1piwaqdydua5q.iot.us-east-1.amazonaws.com
54.0,54,54,0.0,0.0,-3.0,0.0058305,6.798946049999999e-05,0.0058305,-2.0,0.0,2,1,1,2,0,0,0,54.0,54.0,0.0,0.0,amazon-plug,android_wan_on,2021-08-05_00:29:26.37s,1628137778.2700357,TCP,a1piwaqdydua5q.iot.us-east-1.amazonaws.com
182.83333333333334,54,448,48.92587321068486,0.7432096994944078,-1.3565467873877273,0.01559216666666667,0.00046691277051515157,0.0049225,-0.5120616633369384,1.1489055055173563,12,7,5,12,0,0,0,126.4,223.14285714285714,0.0,0.0,amazon-plug,android_wan_on,2021-08-04_21:11:59.37s,1628125939.501584,TCP,a1piwaqdydua5q.iot.us-east-1.amazonaws.com
69.5,54,85,22.98033438683683,0.0,-2.0,0.0733465,0.019209787709666665,0.006145500000000001,-0.6706252129765433,1.1497317442341304,4,2,2,4,0,0,0,69.5,69.5,0.0,0.0,amazon-plug,android_wan_on,2021-08-05_00:28:08.37s,1628137715.954741,TCP,a1piwaqdydua5q.iot.us-east-1.amazonaws.com
182.83333333333334,54,448,48.92587321068486,0.7432096994944078,-1.3565467873877273,0.012204333333333333,0.00031083268387878794,0.0054545,0.9840013093931277,1.6043635697177647,12,7,5,12,0,0,0,126.4,223.14285714285714,0.0,0.0,amazon-plug,android_wan_on,2021-08-05_00:28:08.37s,1628137708.8619468,TCP,a1piwaqdydua5q.iot.us-east-1.amazonaws.com
182.83333333333334,54,448,48.92587321068486,0.7432096994944078,-1.3565467873877273,0.012698000000000001,0.0004197612743636363,0.003277,2.0896451229847672,1.8789552210647313,12,7,5,12,0,0,0,126.4,223.14285714285714,0.0,0.0,amazon-plug,android_wan_on,2021-08-05_01:09:09.37s,1628140169.183687,TCP,a1piwaqdydua5q.iot.us-east-1.amazonaws.com
54.0,54,54,0.0,0.0,-3.0,0.0057615,6.63897645e-05,0.0057615,-2.0,0.0,2,1,1,2,0,0,0,54.0,54.0,0.0,0.0,amazon-plug,android_wan_on,2021-08-05_00:28:08.37s,1628137700.244793,TCP,a1piwaqdydua5q.iot.us-east-1.amazonaws.com
54.0,54,54,0.0,0.0,-3.0,0.0059165,7.00099445e-05,0.0059165,-2.0,0.0,2,1,1,2,0,0,0,54.0,54.0,0.0,0.0,amazon-plug,android_wan_on,2021-08-09_13:55:32.38s,1628531744.6909769,TCP,a1piwaqdydua5q.iot.us-east-1.amazonaws.com
326.48571428571427,54,4131,11.860817748044816,3.935467642033521,16.142801320864173,0.020090057142857148,0.007892547777761341,0.0038020000000000003,29.77192801166425,5.624644855568073,35,17,18,35,0,0,0,318.44444444444446,335.0,0.0,0.0,amazon-plug,android_wan_on,2021-08-09_13:54:15.37s,1628531675.545914,TCP,device-metrics-us-2.amazon.com
208.6,54,448,48.92587321068486,0.5021654612423953,-1.6180546655565464,0.0148387,0.0003288685111222223,0.0070075,0.735985930669147,1.5136822721875376,10,6,4,10,0,0,0,144.5,251.33333333333334,0.0,0.0,amazon-plug,android_wan_on,2021-08-09_13:55:32.38s,1628531753.331327,TCP,a1piwaqdydua5q.iot.us-east-1.amazonaws.com
69.5,54,85,22.98033438683683,0.0,-2.0,0.06488175,0.014835688004250001,0.0060585,-0.6719057419990286,1.1481585223030146,4,2,2,4,0,0,0,69.5,69.5,0.0,0.0,amazon-plug,android_wan_on,2021-08-09_13:55:32.38s,1628531758.43248,TCP,a1piwaqdydua5q.iot.us-east-1.amazonaws.com
69.5,54,85,22.98033438683683,0.0,-2.0,0.01481375,0.0004941059569166668,0.006032,-0.836038593328321,0.9723221549857342,4,2,2,4,0,0,0,69.5,69.5,0.0,0.0,amazon-plug,android_wan_on,2021-08-04_19:51:52.37s,1628121142.4920602,TCP,a1piwaqdydua5q.iot.us-east-1.amazonaws.com
69.5,54,85,22.98033438683683,0.0,-2.0,0.056712750000000006,0.01112139477291667,0.006074,-0.6735134559113494,1.1461952043933024,4,2,2,4,0,0,0,69.5,69.5,0.0,0.0,amazon-plug,android_wan_on,2021-08-04_22:29:50.38s,1628130600.398127,TCP,a1piwaqdydua5q.iot.us-east-1.amazonaws.com
194.54545454545453,54,448,48.92587321068486,0.6059037743229466,-1.5423974847523747,0.020059090909090905,0.0004737025896909091,0.011470999999999999,-1.172571218659451,0.7339358803578443,11,7,4,11,0,0,0,144.5,223.14285714285714,0.0,0.0,amazon-plug,android_wan_on,2021-08-04_22:29:50.38s,1628130611.180088,TCP,a1piwaqdydua5q.iot.us-east-1.amazonaws.com
393.44117647058823,54,4131,12.602118857297617,3.3061074054789135,11.675689373343502,0.019924147058823533,0.00817152497885651,0.003603,28.843129500965635,5.544609224243677,34,15,19,34,0,0,0,410.63157894736844,371.6666666666667,0.0,0.0,amazon-plug,android_wan_on,2021-08-09_13:54:15.37s,1628531676.239056,TCP,device-metrics-us-2.amazon.com
225.77777777777777,54,448,48.92587321068486,0.332656562040014,-1.7612267874480116,0.019825555555555555,0.0004887010995277778,0.007217,-1.174559947164594,0.7327237534984444,9,5,4,9,0,0,0,144.5,290.8,0.0,0.0,amazon-plug,android_wan_on,2021-08-09_13:54:15.37s,1628531675.301288,TCP,a1piwaqdydua5q.iot.us-east-1.amazonaws.com
54.0,54,54,0.0,0.0,-3.0,0.005833,6.804777799999999e-05,0.005833,-2.0,0.0,2,1,1,2,0,0,0,54.0,54.0,0.0,0.0,amazon-plug,android_wan_on,2021-08-05_01:47:07.37s,1628142439.330096,TCP,a1piwaqdydua5q.iot.us-east-1.amazonaws.com
98.0,90,106,11.860817748044816,0.0,-2.0,0.0018414999999999998,6.782244499999998e-06,0.0018414999999999998,-2.0,0.0,2,1,1,2,0,0,0,90.0,106.0,0.0,0.0,amazon-plug,android_wan_on,2021-08-09_13:54:15.37s,1628531675.5379412,DNS,neu.edu
208.6,54,448,48.92587321068486,0.502165461242395,-1.618054665556547,0.0137494,0.00035325937315555553,0.0050290000000000005,0.5463650386132142,1.4084365669114687,10,6,4,10,0,0,0,144.5,251.33333333333334,0.0,0.0,amazon-plug,android_wan_on,2021-08-04_19:51:52.37s,1628121132.3999972,TCP,a1piwaqdydua5q.iot.us-east-1.amazonaws.com
64.33333333333333,54,85,0.0,0.7071067811865487,-1.4999999999999993,0.169069,0.0639148487992,0.011959500000000001,-1.4840703412690577,0.7113569337004613,6,3,3,6,0,0,0,64.33333333333333,64.33333333333333,0.0,0.0,amazon-plug,android_wan_on,2021-08-09_13:54:15.37s,1628531667.175443,TCP,a1piwaqdydua5q.iot.us-east-1.amazonaws.com
172.92307692307693,54,448,48.92587321068486,0.9078573390555319,-1.0394940085716744,0.01746392307692308,0.00033477955074358973,0.011492,-0.5166950414008911,0.9824753936068529,13,8,5,13,0,0,0,126.4,202.0,0.0,0.0,amazon-plug,android_wan_on,2021-08-04_21:10:41.37s,1628125861.703911,TCP,a1piwaqdydua5q.iot.us-east-1.amazonaws.com
54.0,54,54,0.0,0.0,-3.0,0.005872,6.896076799999998e-05,0.005872,-2.0,0.0,2,1,1,2,0,0,0,54.0,54.0,0.0,0.0,amazon-plug,android_wan_on,2021-08-04_19:51:52.37s,1628121124.0498888,TCP,a1piwaqdydua5q.iot.us-east-1.amazonaws.com
194.54545454545453,54,448,48.92587321068486,0.6059037743229466,-1.5423974847523747,0.008390727272727272,0.00014053912181818183,0.004071,3.8131910027041203,2.1842339506808264,11,7,4,11,0,0,0,144.5,223.14285714285714,0.0,0.0,amazon-plug,android_wan_on,2021-08-04_23:09:57.37s,1628133017.192648,TCP,a1piwaqdydua5q.iot.us-east-1.amazonaws.com
182.83333333333334,54,448,48.92587321068486,0.7432096994944078,-1.3565467873877273,0.012333249999999999,0.0003731313985681818,0.003338,0.9287155591925345,1.6506127069141472,12,7,5,12,0,0,0,126.4,223.14285714285714,0.0,0.0,amazon-plug,android_wan_on,2021-08-05_01:47:07.37s,1628142447.8103092,TCP,a1piwaqdydua5q.iot.us-east-1.amazonaws.com
69.5,54,85,22.98033438683683,0.0,-2.0,0.12366425,0.05913458142425002,0.003124,-0.666950693926398,1.1543349322312868,4,2,2,4,0,0,0,69.5,69.5,0.0,0.0,amazon-plug,android_wan_on,2021-08-04_23:09:57.37s,1628133032.275264,TCP,a1piwaqdydua5q.iot.us-east-1.amazonaws.com
346.0,342,350,5.930408874022408,0.0,-2.0,0.0766495,0.011750291700499998,0.0766495,-2.0,0.0,2,0,0,0,2,1,1,0.0,0.0,350.0,342.0,amazon-plug,android_wan_on,2021-08-04_21:10:41.37s,1628125860.614077,DHCP,22:ef:03:1a:97:b9
54.0,54,54,0.0,0.0,-3.0,0.005785,6.693245e-05,0.005785,-2.0,0.0,2,1,1,2,0,0,0,54.0,54.0,0.0,0.0,amazon-plug,android_wan_on,2021-08-05_03:06:47.37s,1628147219.5520132,TCP,a1piwaqdydua5q.iot.us-east-1.amazonaws.com
54.0,54,54,0.0,0.0,-3.0,0.005803,6.7349618e-05,0.005803,-2.0,0.0,2,1,1,2,0,0,0,54.0,54.0,0.0,0.0,amazon-plug,android_wan_on,2021-08-04_23:09:57.37s,1628133008.784016,TCP,a1piwaqdydua5q.iot.us-east-1.amazonaws.com
54.0,54,54,0.0,0.0,-3.0,0.0058865,6.93017645e-05,0.0058865,-2.0,0.0,2,1,1,2,0,0,0,54.0,54.0,0.0,0.0,amazon-plug,android_wan_on,2021-08-04_21:10:41.37s,1628125856.2236888,TCP,a1piwaqdydua5q.iot.us-east-1.amazonaws.com
182.83333333333334,54,448,48.92587321068486,0.7857660369827687,-1.2489646600779947,0.014360166666666667,0.0003840508656060606,0.0040945,0.6177316170970837,1.4513450971957762,12,7,5,12,0,0,0,126.4,223.14285714285714,0.0,0.0,amazon-plug,android_wan_on,2021-08-04_19:14:04.37s,1628118864.65564,TCP,a1piwaqdydua5q.iot.us-east-1.amazonaws.com
69.5,54,85,22.98033438683683,0.0,-2.0,0.12467700000000001,0.05823244984200001,0.0060765,-0.6680581814784263,1.1529303549479426,4,2,2,4,0,0,0,69.5,69.5,0.0,0.0,amazon-plug,android_wan_on,2021-08-04_20:32:46.37s,1628123574.446953,TCP,a1piwaqdydua5q.iot.us-east-1.amazonaws.com
182.83333333333334,54,448,48.92587321068486,0.7432096994944078,-1.3565467873877273,0.01160675,0.00031284027293181814,0.003385,0.9882548456549269,1.6460512537655367,12,7,5,12,0,0,0,126.4,223.14285714285714,0.0,0.0,amazon-plug,android_wan_on,2021-08-05_03:06:47.37s,1628147227.705874,TCP,a1piwaqdydua5q.iot.us-east-1.amazonaws.com
54.0,54,54,0.0,0.0,-3.0,0.0058835,6.92311445e-05,0.0058835,-2.0,0.0,2,1,1,2,0,0,0,54.0,54.0,0.0,0.0,amazon-plug,android_wan_on,2021-08-04_19:14:04.37s,1628118856.3473752,TCP,a1piwaqdydua5q.iot.us-east-1.amazonaws.com
182.83333333333334,54,448,48.92587321068486,0.7432096994944078,-1.3565467873877273,0.017792416666666668,0.0004558008004469698,0.007772,-0.8496768835793782,0.9275118410497751,12,7,5,12,0,0,0,126.4,223.14285714285714,0.0,0.0,amazon-plug,android_wan_on,2021-08-04_20:32:46.37s,1628123586.703218,TCP,a1piwaqdydua5q.iot.us-east-1.amazonaws.com
54.0,54,54,0.0,0.0,-3.0,0.0058155,6.764008050000001e-05,0.0058155,-2.0,0.0,2,1,1,2,0,0,0,54.0,54.0,0.0,0.0,amazon-plug,android_wan_off,2021-08-04_19:12:07.38s,1628118741.324986,TCP,a1piwaqdydua5q.iot.us-east-1.amazonaws.com
206.1,54,784,48.92587321068486,1.486385597975493,0.920913077860217,0.0197438,0.00033348800706666664,0.0132365,-0.8406996777307523,0.6361249105623744,10,6,4,10,0,0,0,144.75,247.0,0.0,0.0,amazon-plug,android_wan_off,2021-08-04_19:12:07.38s,1628118748.1193821,TCP,a1piwaqdydua5q.iot.us-east-1.amazonaws.com
98.0,90,106,11.860817748044816,0.0,-2.0,0.0019035,7.2466245000000006e-06,0.0019035,-2.0,0.0,2,1,1,2,0,0,0,90.0,106.0,0.0,0.0,amazon-plug,android_wan_off,2021-08-04_19:12:07.38s,1628118748.47823,DNS,neu.edu
249.17142857142858,54,4131,8.895613311033612,4.813250215954838,22.795030861756885,0.018812085714285717,0.007999510795080671,0.001666,29.868384482905476,5.63756586550402,35,15,20,35,0,0,0,157.3,371.6666666666667,0.0,0.0,amazon-plug,android_wan_off,2021-08-04_19:12:07.38s,1628118749.1865318,TCP,device-metrics-us-2.amazon.com
98.0,90,106,11.860817748044816,0.0,-2.0,0.0019364999999999999,7.500064499999999e-06,0.0019364999999999999,-2.0,0.0,2,1,1,2,0,0,0,90.0,106.0,0.0,0.0,amazon-plug,android_wan_off,2021-08-05_00:27:29.37s,1628137670.6592612,DNS,neu.edu
273.35483870967744,54,4131,11.860817748044816,4.497325605168072,19.67931673239573,0.021430903225806458,0.009079170718356991,0.0028239999999999997,25.876447577320576,5.2718109156935045,31,15,16,31,0,0,0,181.1875,371.6666666666667,0.0,0.0,amazon-plug,android_wan_off,2021-08-05_00:27:29.37s,1628137671.367126,TCP,device-metrics-us-2.amazon.com
261.5806451612903,54,4131,8.895613311033612,4.734995105576101,21.720409877647725,0.02263212903225807,0.009244114935182797,0.002407,25.400776368435622,5.206252070780283,31,16,15,31,0,0,0,165.33333333333334,351.8125,0.0,0.0,amazon-plug,android_wan_off,2021-08-04_19:12:07.38s,1628118748.49424,TCP,device-metrics-us-2.amazon.com
54.0,54,54,0.0,0.0,-3.0,0.0057795,6.68052405e-05,0.0057795,-2.0,0.0,2,1,1,2,0,0,0,54.0,54.0,0.0,0.0,amazon-plug,android_wan_off,2021-08-05_00:27:29.37s,1628137655.712893,TCP,a1piwaqdydua5q.iot.us-east-1.amazonaws.com
183.16666666666666,54,449,48.92587321068486,0.7853693113234982,-1.2501604237744508,0.015999666666666666,0.0004455826224242425,0.005543000000000001,-0.6359616223120743,1.0941430398678775,12,7,5,12,0,0,0,126.6,223.57142857142858,0.0,0.0,amazon-plug,android_wan_off,2021-08-04_22:29:11.38s,1628130572.2528372,TCP,a1piwaqdydua5q.iot.us-east-1.amazonaws.com
194.9090909090909,54,449,48.92587321068486,0.6057014281767427,-1.5430822846264785,0.013750363636363633,0.00042525953445454544,0.0038689999999999996,0.5502492187278532,1.5274018770292062,11,7,4,11,0,0,0,144.75,223.57142857142858,0.0,0.0,amazon-plug,android_wan_off,2021-08-05_00:27:29.37s,1628137669.6866338,TCP,a1piwaqdydua5q.iot.us-east-1.amazonaws.com
54.0,54,54,0.0,0.0,-3.0,0.0058105,6.75238205e-05,0.0058105,-2.0,0.0,2,1,1,2,0,0,0,54.0,54.0,0.0,0.0,amazon-plug,android_wan_off,2021-08-04_22:29:11.38s,1628130570.610689,TCP,a1piwaqdydua5q.iot.us-east-1.amazonaws.com
261.5806451612903,54,4131,8.895613311033612,4.734995105576101,21.720409877647725,0.022794935483870966,0.009219495004129028,0.002085,25.38136349392135,5.203445896016887,31,16,15,31,0,0,0,165.33333333333334,351.8125,0.0,0.0,amazon-plug,android_wan_off,2021-08-05_00:27:29.37s,1628137670.6676922,TCP,device-metrics-us-2.amazon.com
273.35483870967744,54,4131,11.860817748044816,4.497325605168072,19.67931673239573,0.021529290322580642,0.0090840929272129,0.0031309999999999997,25.91055448797887,5.276715233892996,31,15,16,31,0,0,0,181.1875,371.6666666666667,0.0,0.0,amazon-plug,android_wan_off,2021-08-04_22:29:11.38s,1628130573.3127468,TCP,device-metrics-us-2.amazon.com
98.0,90,106,11.860817748044816,0.0,-2.0,0.00182,6.6248e-06,0.00182,-2.0,0.0,2,1,1,2,0,0,0,90.0,106.0,0.0,0.0,amazon-plug,android_wan_off,2021-08-04_22:29:11.38s,1628130572.597655,DNS,neu.edu
183.16666666666666,54,449,48.92587321068486,0.7430230208586457,-1.3572656776536958,0.01799125,0.0006708202103863635,0.004156,-0.34107225361801463,1.198751107963435,12,7,5,12,0,0,0,126.6,223.57142857142858,0.0,0.0,amazon-plug,android_wan_off,2021-08-04_19:13:25.37s,1628118825.892068,TCP,a1piwaqdydua5q.iot.us-east-1.amazonaws.com
255.34375,54,4131,10.378215529539213,4.819374731441359,22.566493128098095,0.021833874999999996,0.008714589996887099,0.003256,26.361622224256745,5.296532924152787,32,17,15,32,0,0,0,165.33333333333334,334.7647058823529,0.0,0.0,amazon-plug,android_wan_off,2021-08-04_22:29:11.38s,1628130572.609705,TCP,device-metrics-us-2.amazon.com
183.16666666666666,54,449,48.92587321068486,0.7430230208586457,-1.3572656776536958,0.013143750000000001,0.00028889577256818185,0.0070425,0.9152777371847405,1.565733524572719,12,7,5,12,0,0,0,126.6,223.57142857142858,0.0,0.0,amazon-plug,android_wan_off,2021-08-09_13:53:36.37s,1628531636.5899181,TCP,a1piwaqdydua5q.iot.us-east-1.amazonaws.com
69.5,54,85,22.98033438683683,0.0,-2.0,0.021897999999999997,0.0013028373153333328,0.006070000000000001,-0.7290784469057128,1.0830136547565987,4,2,2,4,0,0,0,69.5,69.5,0.0,0.0,amazon-plug,android_wan_off,2021-08-04_21:10:02.37s,1628125826.1350589,TCP,a1piwaqdydua5q.iot.us-east-1.amazonaws.com
273.35483870967744,54,4131,11.860817748044816,4.497325605168072,19.67931673239573,0.021813225806451616,0.008819009554247309,0.004611,25.91227328808518,5.276939520253849,31,15,16,31,0,0,0,181.1875,371.6666666666667,0.0,0.0,amazon-plug,android_wan_off,2021-08-04_21:10:02.37s,1628125824.2715719,TCP,device-metrics-us-2.amazon.com
261.5806451612903,54,4131,8.895613311033612,4.734995105576101,21.720409877647725,0.021052419354838713,0.008870350110784945,0.003102,25.906030937747232,5.276053991994114,31,16,15,31,0,0,0,165.33333333333334,351.8125,0.0,0.0,amazon-plug,android_wan_off,2021-08-04_21:10:02.37s,1628125823.566662,TCP,device-metrics-us-2.amazon.com
98.0,90,106,11.860817748044816,0.0,-2.0,0.0017885000000000002,6.397464500000001e-06,0.0017885000000000002,-2.0,0.0,2,1,1,2,0,0,0,90.0,106.0,0.0,0.0,amazon-plug,android_wan_off,2021-08-04_21:10:02.37s,1628125823.538755,DNS,neu.edu
74.66666666666667,54,85,0.0,-0.7071067811865486,-1.4999999999999991,0.13115466666666667,0.04701155604133332,0.012042,-1.5,0.7046538206890837,3,1,2,3,0,0,0,69.5,85.0,0.0,0.0,amazon-plug,android_wan_off,2021-08-05_02:25:39.38s,1628144741.467154,TCP,a1piwaqdydua5q.iot.us-east-1.amazonaws.com
273.35483870967744,54,4131,11.860817748044816,4.497325605168072,19.67931673239573,0.021063387096774185,0.008726484086245165,0.002497,25.864900618802906,5.270070635334454,31,15,16,31,0,0,0,181.1875,371.6666666666667,0.0,0.0,amazon-plug,android_wan_off,2021-08-05_02:25:39.38s,1628144761.480056,TCP,device-metrics-us-2.amazon.com
183.16666666666666,54,449,48.92587321068486,0.7430230208586457,-1.3572656776536958,0.015801916666666666,0.00039279316444696966,0.005628,-0.4808038038041125,1.162064821707936,12,7,5,12,0,0,0,126.6,223.57142857142858,0.0,0.0,amazon-plug,android_wan_off,2021-08-04_21:10:02.37s,1628125822.9987972,TCP,a1piwaqdydua5q.iot.us-east-1.amazonaws.com
98.0,90,106,11.860817748044816,0.0,-2.0,0.0140185,0.00039303668449999996,0.0140185,-2.0,0.0,2,1,1,2,0,0,0,90.0,106.0,0.0,0.0,amazon-plug,android_wan_off,2021-08-05_02:25:39.38s,1628144760.743902,DNS,neu.edu
194.9090909090909,54,449,48.92587321068486,0.6057014281767427,-1.5430822846264785,0.017792636363636365,0.00047095326845454546,0.006608,-0.8726735164580774,0.9602066211166398,11,7,4,11,0,0,0,144.75,223.57142857142858,0.0,0.0,amazon-plug,android_wan_off,2021-08-05_02:25:39.38s,1628144760.4265242,TCP,a1piwaqdydua5q.iot.us-east-1.amazonaws.com
69.5,54,85,22.98033438683683,0.0,-2.0,0.010295499999999999,0.00018364644299999997,0.006087,-1.1215508396982883,0.7056279321323381,4,2,2,4,0,0,0,69.5,69.5,0.0,0.0,amazon-plug,android_wan_off,2021-08-04_21:11:20.37s,1628125916.6846578,TCP,a1piwaqdydua5q.iot.us-east-1.amazonaws.com
261.5806451612903,54,4131,8.895613311033612,4.734995105576101,21.72040987764772,0.02257512903225806,0.009067451630316132,0.0026030000000000003,25.51883953295472,5.221891853341485,31,16,15,31,0,0,0,165.33333333333334,351.8125,0.0,0.0,amazon-plug,android_wan_off,2021-08-05_02:25:39.38s,1628144760.778976,TCP,device-metrics-us-2.amazon.com
69.5,54,85,22.98033438683683,0.0,-2.0,0.12347724999999998,0.057116292968916654,0.006018,-0.6680180266396953,1.1529808340980894,4,2,2,4,0,0,0,69.5,69.5,0.0,0.0,amazon-plug,android_wan_off,2021-08-05_01:07:12.37s,1628140058.2036452,TCP,a1piwaqdydua5q.iot.us-east-1.amazonaws.com
98.0,90,106,11.860817748044816,0.0,-2.0,0.0018225000000000001,6.643012500000001e-06,0.0018225000000000001,-2.0,0.0,2,1,1,2,0,0,0,90.0,106.0,0.0,0.0,amazon-plug,android_wan_off,2021-08-05_01:07:12.37s,1628140053.691869,DNS,neu.edu
261.5806451612903,54,4131,8.895613311033612,4.734995105576101,21.72040987764772,0.02367200000000001,0.00923357025413333,0.002936,25.38631255755336,5.203365050697507,31,16,15,31,0,0,0,165.33333333333334,351.8125,0.0,0.0,amazon-plug,android_wan_off,2021-08-05_01:07:12.37s,1628140053.699006,TCP,device-metrics-us-2.amazon.com
194.9090909090909,54,449,48.92587321068486,0.6057014281767427,-1.5430822846264785,0.00888518181818182,0.00014884253656363637,0.004224,4.159430296595093,2.281848771700299,11,7,4,11,0,0,0,144.75,223.57142857142858,0.0,0.0,amazon-plug,android_wan_off,2021-08-04_21:11:20.37s,1628125900.596282,TCP,a1piwaqdydua5q.iot.us-east-1.amazonaws.com
54.0,54,54,0.0,0.0,-3.0,0.005749,6.610200199999999e-05,0.005749,-2.0,0.0,2,1,1,2,0,0,0,54.0,54.0,0.0,0.0,amazon-plug,android_wan_off,2021-08-04_21:11:20.37s,1628125892.224619,TCP,a1piwaqdydua5q.iot.us-east-1.amazonaws.com
261.5806451612903,54,4131,8.895613311033612,4.734995105576101,21.720409877647725,0.02319432258064516,0.009064893568892476,0.003317,25.211732429484265,5.180767502118346,31,16,15,31,0,0,0,165.33333333333334,351.8125,0.0,0.0,amazon-plug,android_wan_off,2021-08-05_03:04:50.38s,1628147118.761471,TCP,device-metrics-us-2.amazon.com
98.0,90,106,11.860817748044816,0.0,-2.0,0.001846,6.815432e-06,0.001846,-2.0,0.0,2,1,1,2,0,0,0,90.0,106.0,0.0,0.0,amazon-plug,android_wan_off,2021-08-05_03:04:50.38s,1628147111.759848,DNS,neu.edu
183.16666666666666,54,449,48.92587321068486,0.7430230208586457,-1.3572656776536958,0.013282083333333335,0.0002865622053560607,0.0070215,1.0746615115419988,1.5548407358310754,12,7,5,12,0,0,0,126.6,223.57142857142858,0.0,0.0,amazon-plug,android_wan_off,2021-08-05_01:07:12.37s,1628140052.997965,TCP,a1piwaqdydua5q.iot.us-east-1.amazonaws.com
261.5806451612903,54,4131,8.895613311033612,4.734995105576101,21.720409877647725,0.022506032258064513,0.009089219467832258,0.003125,25.428880956976826,5.2099872025594784,31,16,15,31,0,0,0,165.33333333333334,351.8125,0.0,0.0,amazon-plug,android_wan_off,2021-08-04_20:30:40.37s,1628123461.534968,TCP,device-metrics-us-2.amazon.com
273.35483870967744,54,4131,11.860817748044816,4.497325605168072,19.67931673239573,0.02150612903225806,0.009166808717382801,0.002263,25.875851600451277,5.2716647393950975,31,15,16,31,0,0,0,181.1875,371.6666666666667,0.0,0.0,amazon-plug,android_wan_off,2021-08-05_01:07:12.37s,1628140054.424494,TCP,device-metrics-us-2.amazon.com
183.16666666666666,54,449,48.92587321068486,0.7430230208586457,-1.3572656776536958,0.0153075,0.0004905666931818182,0.0032785,-0.6630240375529088,1.1147282024299199,12,7,5,12,0,0,0,126.6,223.57142857142858,0.0,0.0,amazon-plug,android_wan_off,2021-08-04_23:49:41.37s,1628135401.71997,TCP,a1piwaqdydua5q.iot.us-east-1.amazonaws.com
69.5,54,85,22.98033438683683,0.0,-2.0,0.01949275,0.0009742330515833333,0.0061795,-0.7531253880808118,1.0571970937563098,4,2,2,4,0,0,0,69.5,69.5,0.0,0.0,amazon-plug,android_wan_off,2021-08-04_18:32:23.38s,1628116368.634686,TCP,a1piwaqdydua5q.iot.us-east-1.amazonaws.com
183.16666666666666,54,449,48.92587321068486,0.7430230208586457,-1.3572656776536958,0.0163635,0.0004611961257272728,0.00408,-0.6194870901554088,1.1210549413324307,12,7,5,12,0,0,0,126.6,223.57142857142858,0.0,0.0,amazon-plug,android_wan_off,2021-08-05_03:04:50.38s,1628147111.192846,TCP,a1piwaqdydua5q.iot.us-east-1.amazonaws.com
183.16666666666666,54,449,48.92587321068486,0.7430230208586457,-1.3572656776536958,0.015418500000000002,0.0004338932433636363,0.004794,-0.3702108572135492,1.1943172743463086,12,7,5,12,0,0,0,126.6,223.57142857142858,0.0,0.0,amazon-plug,android_wan_off,2021-08-04_18:32:23.38s,1628116364.503262,TCP,a1piwaqdydua5q.iot.us-east-1.amazonaws.com
346.0,342,350,5.930408874022408,0.0,-2.0,0.086261,0.014881920242000002,0.086261,-2.0,0.0,2,0,0,0,2,1,1,0.0,0.0,350.0,342.0,amazon-plug,android_wan_off,2021-08-04_20:30:40.37s,1628123457.833704,DHCP,22:ef:03:1a:97:b9
280.6666666666667,54,4131,11.860817748044816,4.415148748086553,18.902896752710642,0.022608766666666665,0.008696937585288505,0.0041554999999999995,24.840049858551684,5.170586789613146,30,15,15,30,0,0,0,189.66666666666666,371.6666666666667,0.0,0.0,amazon-plug,android_wan_off,2021-08-05_03:04:50.38s,1628147111.7672782,TCP,device-metrics-us-2.amazon.com
183.16666666666666,54,449,48.92587321068486,0.7430230208586457,-1.3572656776536958,0.015859,0.0004639708356363637,0.0040715000000000005,-0.5873435760527892,1.1395677456652593,12,7,5,12,0,0,0,126.6,223.57142857142858,0.0,0.0,amazon-plug,android_wan_off,2021-08-04_20:30:40.37s,1628123460.6904109,TCP,a1piwaqdydua5q.iot.us-east-1.amazonaws.com
194.9090909090909,54,449,48.92587321068486,0.6057014281767427,-1.5430822846264785,0.013294181818181818,0.00031841458356363637,0.005571,1.0558597948953627,1.6100994253532774,11,7,4,11,0,0,0,144.75,223.57142857142858,0.0,0.0,amazon-plug,android_wan_off,2021-08-05_00:28:47.37s,1628137747.6101031,TCP,a1piwaqdydua5q.iot.us-east-1.amazonaws.com
54.0,54,54,0.0,0.0,-3.0,0.0058765,6.90665045e-05,0.0058765,-2.0,0.0,2,1,1,2,0,0,0,54.0,54.0,0.0,0.0,amazon-plug,android_wan_off,2021-08-04_20:30:40.37s,1628123453.906324,TCP,a1piwaqdydua5q.iot.us-east-1.amazonaws.com
261.64516129032256,54,4131,8.895613311033612,4.733583579932431,21.708563558110622,0.022737419354838712,0.009407791824051612,0.002391,25.39829575376638,5.2059504093432984,31,16,15,31,0,0,0,165.46666666666667,351.8125,0.0,0.0,amazon-plug,android_wan_off,2021-08-04_18:32:23.38s,1628116365.450624,TCP,device-metrics-us-2.amazon.com
183.16666666666666,54,449,48.92587321068486,0.7430230208586457,-1.3572656776536958,0.01572883333333333,0.00044222028087878784,0.0052075,-0.5607157064319015,1.1267518701882835,12,7,5,12,0,0,0,126.6,223.57142857142858,0.0,0.0,amazon-plug,android_wan_off,2021-08-05_01:46:28.37s,1628142408.9496691,TCP,a1piwaqdydua5q.iot.us-east-1.amazonaws.com
98.0,90,106,11.860817748044816,0.0,-2.0,0.0020335,8.270244500000001e-06,0.0020335,-2.0,0.0,2,1,1,2,0,0,0,90.0,106.0,0.0,0.0,amazon-plug,android_wan_off,2021-08-04_20:30:40.37s,1628123461.5269709,DNS,neu.edu
261.96774193548384,54,4131,11.860817748044816,4.735584189858736,21.72466313737453,0.020995548387096778,0.00908878951052258,0.002581,25.906750959798817,5.276186948477253,31,16,15,31,0,0,0,165.33333333333334,352.5625,0.0,0.0,amazon-plug,android_wan_off,2021-08-05_01:46:28.37s,1628142409.7169242,TCP,device-metrics-us-2.amazon.com
273.35483870967744,54,4131,11.860817748044816,4.497325605168072,19.67931673239573,0.02162296774193548,0.008937428343165587,0.00242,25.795576523451196,5.260263601303723,31,15,16,31,0,0,0,181.1875,371.6666666666667,0.0,0.0,amazon-plug,android_wan_off,2021-08-04_20:30:40.37s,1628123462.228483,TCP,device-metrics-us-2.amazon.com
194.9090909090909,54,449,48.92587321068486,0.6057014281767427,-1.5430822846264785,0.012989545454545455,0.0003514844322727273,0.0063880000000000004,1.264181676002738,1.6480936580149192,11,7,4,11,0,0,0,144.75,223.57142857142858,0.0,0.0,amazon-plug,android_wan_off,2021-08-05_01:08:30.37s,1628140130.4502978,TCP,a1piwaqdydua5q.iot.us-east-1.amazonaws.com
273.35483870967744,54,4131,11.860817748044816,4.497325605168072,19.67931673239573,0.022245354838709677,0.009163942338903221,0.002769,25.81509207578207,5.262941674047508,31,15,16,31,0,0,0,181.1875,371.6666666666667,0.0,0.0,amazon-plug,android_wan_off,2021-08-04_18:32:23.38s,1628116366.1479812,TCP,device-metrics-us-2.amazon.com
98.0,90,106,11.860817748044816,0.0,-2.0,0.0040405,3.26512805e-05,0.0040405,-2.0,0.0,2,1,1,2,0,0,0,90.0,106.0,0.0,0.0,amazon-plug,android_wan_off,2021-08-04_18:32:23.38s,1628116365.4388452,DNS,neu.edu
261.5806451612903,54,4131,8.895613311033612,4.734995105576101,21.720409877647725,0.022803516129032256,0.0090406072091914,0.003214,25.161350310112013,5.17432413784139,31,16,15,31,0,0,0,165.33333333333334,351.8125,0.0,0.0,amazon-plug,android_wan_off,2021-08-04_21:49:11.37s,1628128171.582365,TCP,device-metrics-us-2.amazon.com
183.16666666666666,54,449,48.92587321068486,0.7430230208586457,-1.3572656776536958,0.0169675,0.00045191651409090907,0.006599000000000001,-0.6632247857575799,1.0499554473019042,12,7,5,12,0,0,0,126.6,223.57142857142858,0.0,0.0,amazon-plug,android_wan_off,2021-08-05_03:06:08.37s,1628147188.977302,TCP,a1piwaqdydua5q.iot.us-east-1.amazonaws.com
54.0,54,54,0.0,0.0,-3.0,0.0057729999999999995,6.665505799999999e-05,0.0057729999999999995,-2.0,0.0,2,1,1,2,0,0,0,54.0,54.0,0.0,0.0,amazon-plug,android_wan_off,2021-08-05_01:08:30.37s,1628140122.2012658,TCP,a1piwaqdydua5q.iot.us-east-1.amazonaws.com
183.16666666666666,54,449,48.92587321068486,0.7430230208586457,-1.3572656776536958,0.013575083333333333,0.0005202268486287879,0.0033945,1.6298434137550348,1.8066586016903472,12,7,5,12,0,0,0,126.6,223.57142857142858,0.0,0.0,amazon-plug,android_wan_off,2021-08-04_19:52:31.37s,1628121171.41064,TCP,a1piwaqdydua5q.iot.us-east-1.amazonaws.com
54.0,54,54,0.0,0.0,-3.0,0.005786,6.6955592e-05,0.005786,-2.0,0.0,2,1,1,2,0,0,0,54.0,54.0,0.0,0.0,amazon-plug,android_wan_off,2021-08-05_00:28:47.37s,1628137746.250227,TCP,a1piwaqdydua5q.iot.us-east-1.amazonaws.com
98.0,90,106,11.860817748044816,0.0,-2.0,0.001761,6.2022419999999996e-06,0.001761,-2.0,0.0,2,1,1,2,0,0,0,90.0,106.0,0.0,0.0,amazon-plug,android_wan_off,2021-08-05_01:46:28.37s,1628142409.710834,DNS,neu.edu
54.0,54,54,0.0,0.0,-3.0,0.00585,6.8445e-05,0.00585,-2.0,0.0,2,1,1,2,0,0,0,54.0,54.0,0.0,0.0,amazon-plug,android_wan_off,2021-08-05_01:47:46.37s,1628142478.33248,TCP,a1piwaqdydua5q.iot.us-east-1.amazonaws.com
346.0,342,350,5.930408874022408,0.0,-2.0,0.055314999999999996,0.006119498449999999,0.055314999999999996,-2.0,0.0,2,0,0,0,2,1,1,0.0,0.0,350.0,342.0,amazon-plug,android_wan_off,2021-08-05_03:06:08.37s,1628147184.5675802,DHCP,22:ef:03:1a:97:b9
69.5,54,85,22.98033438683683,0.0,-2.0,0.09817675,0.03546511058158333,0.006083000000000001,-0.6689472846796125,1.1518156983405254,4,2,2,4,0,0,0,69.5,69.5,0.0,0.0,amazon-plug,android_wan_off,2021-08-05_03:06:08.37s,1628147173.1542108,TCP,a1piwaqdydua5q.iot.us-east-1.amazonaws.com
346.0,342,350,5.930408874022408,0.0,-2.0,0.0848455,0.014397517740500002,0.0848455,-2.0,0.0,2,0,0,0,2,1,1,0.0,0.0,350.0,342.0,amazon-plug,android_wan_off,2021-08-04_23:10:35.38s,1628133068.5379412,DHCP,22:ef:03:1a:97:b9
74.66666666666667,54,85,0.0,-0.7071067811865486,-1.4999999999999991,0.13013066666666667,0.046194250974333335,0.012183,-1.5000000000000002,0.7045516531011164,3,1,2,3,0,0,0,69.5,85.0,0.0,0.0,amazon-plug,android_wan_off,2021-08-05_01:46:28.37s,1628142399.925605,TCP,a1piwaqdydua5q.iot.us-east-1.amazonaws.com
266.5,54,4131,10.378215529539213,4.578049525796323,20.45591883103909,0.020961906250000002,0.008637440230216733,0.0024185,26.858719036411806,5.363290058452947,32,15,17,32,0,0,0,173.7058823529412,371.6666666666667,0.0,0.0,amazon-plug,android_wan_off,2021-08-04_23:09:18.37s,1628132979.3114371,TCP,device-metrics-us-2.amazon.com
273.35483870967744,54,4131,11.860817748044816,4.497325605168072,19.67931673239573,0.02169822580645161,0.00911077940771398,0.002975,25.900918065963463,5.275323404548602,31,15,16,31,0,0,0,181.1875,371.6666666666667,0.0,0.0,amazon-plug,android_wan_off,2021-08-05_01:46:28.37s,1628142410.366464,TCP,device-metrics-us-2.amazon.com
273.35483870967744,54,4131,11.860817748044816,4.497325605168072,19.67931673239573,0.021647225806451616,0.009049829899047311,0.003168,25.895790876780357,5.274567327355463,31,15,16,31,0,0,0,181.1875,371.6666666666667,0.0,0.0,amazon-plug,android_wan_off,2021-08-04_21:49:11.37s,1628128172.298203,TCP,device-metrics-us-2.amazon.com
98.0,90,106,11.860817748044816,0.0,-2.0,0.0018254999999999999,6.664900499999999e-06,0.0018254999999999999,-2.0,0.0,2,1,1,2,0,0,0,90.0,106.0,0.0,0.0,amazon-plug,android_wan_off,2021-08-04_21:49:11.37s,1628128171.574537,DNS,neu.edu
194.9090909090909,54,449,48.92587321068486,0.6057014281767427,-1.5430822846264785,0.009611727272727272,0.00017377992401818178,0.004267,4.498054403723918,2.375841278436996,11,7,4,11,0,0,0,144.75,223.57142857142858,0.0,0.0,amazon-plug,android_wan_off,2021-08-04_23:10:35.38s,1628133056.177048,TCP,a1piwaqdydua5q.iot.us-east-1.amazonaws.com
183.16666666666666,54,449,48.92587321068486,0.7430230208586457,-1.3572656776536958,0.015610416666666667,0.0003864089133560605,0.005779,0.1494883945909451,1.3170391688139753,12,7,5,12,0,0,0,126.6,223.57142857142858,0.0,0.0,amazon-plug,android_wan_off,2021-08-05_03:44:09.37s,1628149469.554713,TCP,a1piwaqdydua5q.iot.us-east-1.amazonaws.com
209.0,54,813,48.92587321068486,1.5380533384642943,1.1080879147641074,0.0189312,0.0004541559297333333,0.008523,-1.0544528954061156,0.8643497789461027,10,6,4,10,0,0,0,144.75,251.83333333333334,0.0,0.0,amazon-plug,android_wan_off,2021-08-04_21:49:11.37s,1628128171.471749,TCP,a1piwaqdydua5q.iot.us-east-1.amazonaws.com
54.0,54,54,0.0,0.0,-3.0,0.0058425,6.826961249999999e-05,0.0058425,-2.0,0.0,2,1,1,2,0,0,0,54.0,54.0,0.0,0.0,amazon-plug,android_wan_off,2021-08-05_03:45:27.37s,1628149545.1653972,TCP,a1piwaqdydua5q.iot.us-east-1.amazonaws.com
261.5806451612903,54,4131,8.895613311033612,4.734995105576101,21.720409877647725,0.02368887096774194,0.00919095409598279,0.002758,25.184871554602452,5.176110443713774,31,16,15,31,0,0,0,165.33333333333334,351.8125,0.0,0.0,amazon-plug,android_wan_off,2021-08-04_23:48:23.38s,1628135324.6522498,TCP,device-metrics-us-2.amazon.com
74.66666666666667,54,85,0.0,-0.7071067811865486,-1.4999999999999991,0.159971,0.07104101373300001,0.012255,-1.4999999999999996,0.705425426474356,3,1,2,3,0,0,0,69.5,85.0,0.0,0.0,amazon-plug,android_wan_off,2021-08-04_21:49:11.37s,1628128168.2013721,TCP,a1piwaqdydua5q.iot.us-east-1.amazonaws.com
173.23076923076923,54,449,48.92587321068486,0.9074834322650197,-1.0407593412344216,0.011669307692307692,0.0002710763587307692,0.0046170000000000004,1.9444221507324952,1.865942454265644,13,8,5,13,0,0,0,126.6,202.375,0.0,0.0,amazon-plug,android_wan_off,2021-08-05_01:47:46.37s,1628142486.830918,TCP,a1piwaqdydua5q.iot.us-east-1.amazonaws.com
69.5,54,85,22.98033438683683,0.0,-2.0,0.101477,0.037962035178,0.006144,-0.6687996607386051,1.1520000247253055,4,2,2,4,0,0,0,69.5,69.5,0.0,0.0,amazon-plug,android_wan_off,2021-08-05_01:47:46.37s,1628142489.927431,TCP,a1piwaqdydua5q.iot.us-east-1.amazonaws.com
183.16666666666666,54,449,48.92587321068486,0.7430230208586457,-1.3572656776536958,0.016980583333333334,0.00047108112571969706,0.007708,-0.5106507256389654,1.118449167195966,12,7,5,12,0,0,0,126.6,223.57142857142858,0.0,0.0,amazon-plug,android_wan_off,2021-08-04_23:48:23.38s,1628135324.103929,TCP,a1piwaqdydua5q.iot.us-east-1.amazonaws.com
183.16666666666666,54,449,48.92587321068486,0.7430230208586457,-1.3572656776536958,0.015412583333333334,0.00040351387190151516,0.0059735,-0.13772262207051922,1.240513303078573,12,7,5,12,0,0,0,126.6,223.57142857142858,0.0,0.0,amazon-plug,android_wan_off,2021-08-05_03:45:27.37s,1628149547.5772762,TCP,a1piwaqdydua5q.iot.us-east-1.amazonaws.com
98.0,90,106,11.860817748044816,0.0,-2.0,0.001829,6.690482e-06,0.001829,-2.0,0.0,2,1,1,2,0,0,0,90.0,106.0,0.0,0.0,amazon-plug,android_lan_off,2021-08-01_22:15:41.37s,1627870562.588506,DNS,neu.edu
98.0,90,106,11.860817748044816,0.0,-2.0,0.0140955,0.00039736624050000003,0.0140955,-2.0,0.0,2,1,1,2,0,0,0,90.0,106.0,0.0,0.0,amazon-plug,android_wan_off,2021-08-04_23:09:18.37s,1628132978.6107929,DNS,neu.edu
54.0,54,54,0.0,0.0,-3.0,0.005863,6.874953800000001e-05,0.005863,-2.0,0.0,2,1,1,2,0,0,0,54.0,54.0,0.0,0.0,amazon-plug,android_wan_off,2021-08-04_23:09:18.37s,1628132972.23335,TCP,a1piwaqdydua5q.iot.us-east-1.amazonaws.com
261.5806451612903,54,4131,8.895613311033612,4.734995105576101,21.720409877647725,0.02232438709677419,0.009182722845311827,0.00231,25.444760469329744,5.212341600707064,31,16,15,31,0,0,0,165.33333333333334,351.8125,0.0,0.0,amazon-plug,android_wan_off,2021-08-05_03:44:09.37s,1628149469.8058589,TCP,device-metrics-us-2.amazon.com
54.0,54,54,0.0,0.0,-3.0,0.005864,6.8772992e-05,0.005864,-2.0,0.0,2,1,1,2,0,0,0,54.0,54.0,0.0,0.0,amazon-plug,android_wan_off,2021-08-05_03:44:09.37s,1628149454.606121,TCP,a1piwaqdydua5q.iot.us-east-1.amazonaws.com
183.16666666666666,54,449,48.92587321068486,0.7430230208586457,-1.3572656776536958,0.016738083333333334,0.00038648535135606067,0.0077445,-0.421792277801297,1.1185440512732296,12,7,5,12,0,0,0,126.6,223.57142857142858,0.0,0.0,amazon-plug,android_wan_off,2021-08-04_23:09:18.37s,1628132978.463865,TCP,a1piwaqdydua5q.iot.us-east-1.amazonaws.com
273.35483870967744,54,4131,11.860817748044816,4.497325605168072,19.67931673239573,0.022249741935483878,0.009198368649731179,0.002433,25.75989147010022,5.255114932280233,31,15,16,31,0,0,0,181.1875,371.6666666666667,0.0,0.0,amazon-plug,android_lan_off,2021-08-02_07:27:04.37s,1627903645.620412,TCP,device-metrics-us-2.amazon.com
98.0,90,106,11.860817748044816,0.0,-2.0,0.0019635,7.7106645e-06,0.0019635,-2.0,0.0,2,1,1,2,0,0,0,90.0,106.0,0.0,0.0,amazon-plug,android_wan_off,2021-08-04_23:48:23.38s,1628135324.6427238,DNS,neu.edu
98.0,90,106,11.860817748044816,0.0,-2.0,0.002054,8.437831999999998e-06,0.002054,-2.0,0.0,2,1,1,2,0,0,0,90.0,106.0,0.0,0.0,amazon-plug,android_wan_off,2021-08-05_03:44:09.37s,1628149469.7937148,DNS,neu.edu
273.35483870967744,54,4131,11.860817748044816,4.497325605168072,19.67931673239573,0.021652516129032257,0.009070492985458064,0.003515,25.903346796159433,5.275655233475575,31,15,16,31,0,0,0,181.1875,371.6666666666667,0.0,0.0,amazon-plug,android_lan_off,2021-08-02_06:34:38.37s,1627900499.944856,TCP,device-metrics-us-2.amazon.com
261.96774193548384,54,4131,11.860817748044816,4.735584189858736,21.72466313737453,0.021001322580645156,0.009127744262425805,0.001875,25.89885943476713,5.275029598026377,31,16,15,31,0,0,0,165.33333333333334,352.5625,0.0,0.0,amazon-plug,android_wan_off,2021-08-04_23:09:18.37s,1628132978.6446462,TCP,device-metrics-us-2.amazon.com
54.0,54,54,0.0,0.0,-3.0,0.0058325,6.80361125e-05,0.0058325,-2.0,0.0,2,1,1,2,0,0,0,54.0,54.0,0.0,0.0,amazon-plug,android_wan_off,2021-08-04_23:48:23.38s,1628135313.884887,TCP,a1piwaqdydua5q.iot.us-east-1.amazonaws.com
98.0,90,106,11.860817748044816,0.0,-2.0,0.0018905,7.1479805e-06,0.0018905,-2.0,0.0,2,1,1,2,0,0,0,90.0,106.0,0.0,0.0,amazon-plug,android_lan_off,2021-08-01_22:42:09.38s,1627872150.5990918,DNS,neu.edu
261.5806451612903,54,4131,8.895613311033612,4.734995105576101,21.720409877647725,0.023117870967741937,0.009060950288916125,0.004193,25.322515675818874,5.195812367606149,31,16,15,31,0,0,0,165.33333333333334,351.8125,0.0,0.0,amazon-plug,android_lan_off,2021-08-01_22:15:41.37s,1627870562.59973,TCP,device-metrics-us-2.amazon.com
164.71428571428572,54,449,48.92587321068486,1.0199271401192473,-0.8209093081164678,0.012313071428571428,0.0002711459328406594,0.006332000000000001,1.845465223193476,1.847710178129112,14,8,6,14,0,0,0,114.5,202.375,0.0,0.0,amazon-plug,android_lan_off,2021-08-01_22:15:41.37s,1627870561.7093883,TCP,a1piwaqdydua5q.iot.us-east-1.amazonaws.com
249.17142857142858,54,4131,8.895613311033612,4.813250215954838,22.79503086175688,0.019232228571428568,0.007886902346769746,0.002098,29.81311290367799,5.630070698453727,35,15,20,35,0,0,0,157.3,371.6666666666667,0.0,0.0,amazon-plug,android_wan_off,2021-08-05_03:44:09.37s,1628149470.492774,TCP,device-metrics-us-2.amazon.com
183.16666666666666,54,449,48.92587321068486,0.7430230208586457,-1.3572656776536958,0.016650166666666667,0.00038337616506060613,0.008442,-0.5192614917756297,1.110423530107175,12,7,5,12,0,0,0,126.6,223.57142857142858,0.0,0.0,amazon-plug,android_lan_off,2021-08-02_05:42:05.37s,1627897345.6492338,TCP,a1piwaqdydua5q.iot.us-east-1.amazonaws.com
209.0,54,813,48.92587321068486,1.5380533384642943,1.1080879147641074,0.018342900000000002,0.00047030079387777764,0.008779,-1.1142551190072374,0.8317707299718001,10,6,4,10,0,0,0,144.75,251.83333333333334,0.0,0.0,amazon-plug,android_lan_off,2021-08-02_07:27:04.37s,1627903644.749206,TCP,a1piwaqdydua5q.iot.us-east-1.amazonaws.com
98.0,90,106,11.860817748044816,0.0,-2.0,0.0019035,7.2466245000000006e-06,0.0019035,-2.0,0.0,2,1,1,2,0,0,0,90.0,106.0,0.0,0.0,amazon-plug,android_lan_off,2021-08-02_07:27:04.37s,1627903644.914664,DNS,neu.edu
273.35483870967744,54,4131,11.860817748044816,4.497325605168072,19.67931673239573,0.021907225806451616,0.009016061539913975,0.002195,25.80994694899353,5.262105396331066,31,15,16,31,0,0,0,181.1875,371.6666666666667,0.0,0.0,amazon-plug,android_wan_off,2021-08-04_23:48:23.38s,1628135325.3567111,TCP,device-metrics-us-2.amazon.com
262.1333333333333,54,4131,4.447806655516806,4.655900711606521,20.910026579700173,0.02391246666666667,0.009331908153085057,0.0020485,24.304316935119292,5.095652427566667,30,16,14,30,0,0,0,159.64285714285714,351.8125,0.0,0.0,amazon-plug,android_lan_off,2021-08-02_06:34:38.37s,1627900498.8826828,TCP,device-metrics-us-2.amazon.com
261.5806451612903,54,4131,8.895613311033612,4.734995105576101,21.720409877647725,0.023026000000000005,0.009125005335266664,0.003407,25.308691938258324,5.193857214646775,31,16,15,31,0,0,0,165.33333333333334,351.8125,0.0,0.0,amazon-plug,android_lan_off,2021-08-01_21:23:08.38s,1627867409.57932,TCP,device-metrics-us-2.amazon.com
98.0,90,106,11.860817748044816,0.0,-2.0,0.0018505,6.8487005e-06,0.0018505,-2.0,0.0,2,1,1,2,0,0,0,90.0,106.0,0.0,0.0,amazon-plug,android_lan_off,2021-08-02_06:34:38.37s,1627900498.8742201,DNS,neu.edu
54.0,54,54,0.0,0.0,-3.0,0.0057615,6.63897645e-05,0.0057615,-2.0,0.0,2,1,1,2,0,0,0,54.0,54.0,0.0,0.0,amazon-plug,android_lan_off,2021-08-02_04:49:42.37s,1627894196.646587,TCP,a1piwaqdydua5q.iot.us-east-1.amazonaws.com
266.5,54,4131,10.378215529539213,4.578049525796323,20.45591883103909,0.021165906249999998,0.008601652725700603,0.0033014999999999997,26.844540558822292,5.3613055452809215,32,15,17,32,0,0,0,173.7058823529412,371.6666666666667,0.0,0.0,amazon-plug,android_lan_off,2021-08-01_22:15:41.37s,1627870563.320534,TCP,device-metrics-us-2.amazon.com
69.5,54,85,22.98033438683683,0.0,-2.0,0.029809750000000003,0.0026543086242500013,0.0062735,-0.6956956047089742,1.1200990951282876,4,2,2,4,0,0,0,69.5,69.5,0.0,0.0,amazon-plug,android_lan_off,2021-08-01_22:42:09.38s,1627872155.0929549,TCP,a1piwaqdydua5q.iot.us-east-1.amazonaws.com
194.9090909090909,54,449,48.92587321068486,0.6057014281767427,-1.5430822846264785,0.11222372727272728,0.0665270403784182,0.009696999999999999,5.106099164332404,2.585547281426388,11,7,4,11,0,0,0,144.75,223.57142857142858,0.0,0.0,amazon-plug,android_lan_off,2021-08-01_22:42:09.38s,1627872149.899244,TCP,a1piwaqdydua5q.iot.us-east-1.amazonaws.com
261.5806451612903,54,4131,8.895613311033612,4.734995105576101,21.720409877647725,0.02238093548387097,0.00914331022132903,0.002573,25.256358637102743,5.187108574287072,31,16,15,31,0,0,0,165.33333333333334,351.8125,0.0,0.0,amazon-plug,android_lan_off,2021-08-02_07:27:04.37s,1627903644.922543,TCP,device-metrics-us-2.amazon.com
273.35483870967744,54,4131,11.860817748044816,4.497325605168072,19.67931673239573,0.021296516129032262,0.00894930752832473,0.00358,25.906893335058555,5.276185088621883,31,15,16,31,0,0,0,181.1875,371.6666666666667,0.0,0.0,amazon-plug,android_lan_off,2021-08-02_03:04:44.38s,1627887905.75687,TCP,device-metrics-us-2.amazon.com
273.35483870967744,54,4131,11.860817748044816,4.497325605168072,19.67931673239573,0.02255680645161291,0.009213893994294621,0.00434,25.825913142513656,5.264401359305264,31,15,16,31,0,0,0,181.1875,371.6666666666667,0.0,0.0,amazon-plug,android_lan_off,2021-08-02_05:42:05.37s,1627897346.566759,TCP,device-metrics-us-2.amazon.com
283.82142857142856,54,4131,11.860817748044816,4.47373877692092,19.19192432813475,0.029098392857142854,0.010198116643728834,0.005718000000000001,20.762767906413323,4.678568993374206,28,15,13,28,0,0,0,182.46153846153845,371.6666666666667,0.0,0.0,amazon-plug,android_lan_off,2021-08-01_22:42:09.38s,1627872150.608189,TCP,device-metrics-us-2.amazon.com
183.16666666666666,54,449,48.92587321068486,0.7430230208586457,-1.3572656776536958,0.01746825,0.000349357931659091,0.009113,-0.16575460310070333,1.0694997551937349,12,7,5,12,0,0,0,126.6,223.57142857142858,0.0,0.0,amazon-plug,android_lan_off,2021-08-02_06:34:38.37s,1627900498.231287,TCP,a1piwaqdydua5q.iot.us-east-1.amazonaws.com
183.16666666666666,54,449,48.92587321068486,0.7430230208586457,-1.3572656776536958,0.01682191666666667,0.00044182285626515153,0.007343,-0.5489721426800309,1.1112169414265125,12,7,5,12,0,0,0,126.6,223.57142857142858,0.0,0.0,amazon-plug,android_lan_off,2021-08-01_21:23:08.38s,1627867409.12704,TCP,a1piwaqdydua5q.iot.us-east-1.amazonaws.com
261.5806451612903,54,4131,8.895613311033612,4.734995105576101,21.720409877647725,0.02252190322580646,0.00884421690675699,0.002769,25.333027691856593,5.197035756013779,31,16,15,31,0,0,0,165.33333333333334,351.8125,0.0,0.0,amazon-plug,android_lan_off,2021-08-02_05:42:05.37s,1627897345.8603802,TCP,device-metrics-us-2.amazon.com
183.16666666666666,54,449,48.92587321068486,0.7430230208586457,-1.3572656776536958,0.016567416666666668,0.00041110679226515155,0.0060160000000000005,-0.6023726721083982,1.06703816907437,12,7,5,12,0,0,0,126.6,223.57142857142858,0.0,0.0,amazon-plug,android_lan_off,2021-08-02_03:57:12.37s,1627891052.54916,TCP,a1piwaqdydua5q.iot.us-east-1.amazonaws.com
265.8484848484849,54,4131,11.860817748044816,4.651533218937037,21.204302507179918,0.020774575757575763,0.009019102503626893,0.002957,27.897452139823788,5.461228730803563,33,16,17,33,0,0,0,184.94117647058823,351.8125,0.0,0.0,amazon-plug,android_lan_off,2021-08-02_04:49:42.37s,1627894203.53545,TCP,device-metrics-us-2.amazon.com
194.9090909090909,54,449,48.92587321068486,0.6057014281767427,-1.5430822846264785,0.018992090909090906,0.000492552158490909,0.007427,-0.8284097816394116,1.0047847648979762,11,7,4,11,0,0,0,144.75,223.57142857142858,0.0,0.0,amazon-plug,android_lan_off,2021-08-02_00:27:15.37s,1627878455.3716471,TCP,a1piwaqdydua5q.iot.us-east-1.amazonaws.com
273.35483870967744,54,4131,11.860817748044816,4.497325605168072,19.67931673239573,0.022243161290322583,0.009130186124673121,0.004441,25.86784059625927,5.270449676457964,31,15,16,31,0,0,0,181.1875,371.6666666666667,0.0,0.0,amazon-plug,android_lan_off,2021-08-01_22:42:09.38s,1627872151.4364579,TCP,device-metrics-us-2.amazon.com
273.35483870967744,54,4131,11.860817748044816,4.497325605168072,19.67931673239573,0.021223419354838714,0.008714191203584945,0.003436,25.903244259703044,5.275626128922998,31,15,16,31,0,0,0,181.1875,371.6666666666667,0.0,0.0,amazon-plug,android_lan_off,2021-08-01_21:23:08.38s,1627867410.284877,TCP,device-metrics-us-2.amazon.com
98.0,90,106,11.860817748044816,0.0,-2.0,0.001905,7.25805e-06,0.001905,-2.0,0.0,2,1,1,2,0,0,0,90.0,106.0,0.0,0.0,amazon-plug,android_lan_off,2021-08-02_00:27:15.37s,1627878455.661202,DNS,neu.edu
98.0,90,106,11.860817748044816,0.0,-2.0,0.0018704999999999998,6.997540499999999e-06,0.0018704999999999998,-2.0,0.0,2,1,1,2,0,0,0,90.0,106.0,0.0,0.0,amazon-plug,android_lan_off,2021-08-02_03:04:44.38s,1627887905.7469058,DNS,neu.edu
98.0,90,106,11.860817748044816,0.0,-2.0,0.00183,6.6978000000000005e-06,0.00183,-2.0,0.0,2,1,1,2,0,0,0,90.0,106.0,0.0,0.0,amazon-plug,android_lan_off,2021-08-02_04:49:42.37s,1627894202.8124301,DNS,neu.edu
98.0,90,106,11.860817748044816,0.0,-2.0,0.0018204999999999999,6.628440499999999e-06,0.0018204999999999999,-2.0,0.0,2,1,1,2,0,0,0,90.0,106.0,0.0,0.0,amazon-plug,android_lan_off,2021-08-02_05:42:05.37s,1627897345.8526428,DNS,neu.edu
69.5,54,85,22.98033438683683,0.0,-2.0,0.010166000000000001,0.00016607184200000003,0.006406500000000001,-1.1481831564786311,0.6774845045407057,4,2,2,4,0,0,0,69.5,69.5,0.0,0.0,amazon-plug,android_lan_off,2021-08-02_03:04:44.38s,1627887921.440059,TCP,a1piwaqdydua5q.iot.us-east-1.amazonaws.com
54.0,54,54,0.0,0.0,-3.0,0.0057995,6.726840049999999e-05,0.0057995,-2.0,0.0,2,1,1,2,0,0,0,54.0,54.0,0.0,0.0,amazon-plug,android_lan_off,2021-08-02_03:04:44.38s,1627887891.946569,TCP,a1piwaqdydua5q.iot.us-east-1.amazonaws.com
98.0,90,106,11.860817748044816,0.0,-2.0,0.001861,6.926642e-06,0.001861,-2.0,0.0,2,1,1,2,0,0,0,90.0,106.0,0.0,0.0,amazon-plug,android_lan_off,2021-08-02_00:00:57.37s,1627876878.649486,DNS,neu.edu
98.0,90,106,11.860817748044816,0.0,-2.0,0.0019725000000000003,7.781512500000003e-06,0.0019725000000000003,-2.0,0.0,2,1,1,2,0,0,0,90.0,106.0,0.0,0.0,amazon-plug,android_lan_off,2021-08-02_03:57:12.37s,1627891052.7911172,DNS,neu.edu
273.35483870967744,54,4131,11.860817748044816,4.497325605168072,19.67931673239573,0.021785354838709674,0.009083503704836555,0.004288,25.9111448741862,5.276782438168235,31,15,16,31,0,0,0,181.1875,371.6666666666667,0.0,0.0,amazon-plug,android_lan_off,2021-08-02_03:57:12.37s,1627891052.8006542,TCP,device-metrics-us-2.amazon.com
98.0,90,106,11.860817748044816,0.0,-2.0,0.0142585,0.0004066096445,0.0142585,-2.0,0.0,2,1,1,2,0,0,0,90.0,106.0,0.0,0.0,amazon-plug,android_lan_off,2021-08-01_21:23:08.38s,1627867409.546697,DNS,neu.edu
273.35483870967744,54,4131,11.860817748044816,4.497325605168072,19.67931673239573,0.021031645161290323,0.00911545381463656,0.002943,25.904231871364797,5.275820219476525,31,15,16,31,0,0,0,181.1875,371.6666666666667,0.0,0.0,amazon-plug,android_lan_off,2021-08-02_08:45:37.37s,1627908358.687062,TCP,device-metrics-us-2.amazon.com
69.5,54,85,22.98033438683683,0.0,-2.0,0.12499375,0.05837051294025,0.0063345,-0.6679747596215271,1.1530347394243676,4,2,2,4,0,0,0,69.5,69.5,0.0,0.0,amazon-plug,android_lan_off,2021-08-02_00:27:15.37s,1627878460.5266988,TCP,a1piwaqdydua5q.iot.us-east-1.amazonaws.com
209.0,54,813,48.92587321068486,1.5380533384642943,1.1080879147641074,0.021873899999999998,0.0005781851292111112,0.010382,-1.1506161898896181,0.839567796043461,10,6,4,10,0,0,0,144.75,251.83333333333334,0.0,0.0,amazon-plug,android_lan_off,2021-08-02_04:49:42.37s,1627894202.7422738,TCP,a1piwaqdydua5q.iot.us-east-1.amazonaws.com
268.5,54,4131,10.378215529539213,4.649516995297727,20.877398040194308,0.02685643333333334,0.009445562607357478,0.003594,22.936921931780653,4.9078606052181515,30,16,14,30,0,0,0,173.28571428571428,351.8125,0.0,0.0,amazon-plug,android_lan_off,2021-08-02_00:27:15.37s,1627878455.6706188,TCP,device-metrics-us-2.amazon.com
273.35483870967744,54,4131,11.860817748044816,4.497325605168072,19.67931673239573,0.02078393548387096,0.008927504093462369,0.003134,25.89740765290303,5.27482186285579,31,15,16,31,0,0,0,181.1875,371.6666666666667,0.0,0.0,amazon-plug,android_lan_off,2021-08-02_06:08:17.37s,1627898918.876302,TCP,device-metrics-us-2.amazon.com
54.0,54,54,0.0,0.0,-3.0,0.00585,6.8445e-05,0.00585,-2.0,0.0,2,1,1,2,0,0,0,54.0,54.0,0.0,0.0,amazon-plug,android_lan_off,2021-08-02_00:00:57.37s,1627876869.106455,TCP,a1piwaqdydua5q.iot.us-east-1.amazonaws.com
273.35483870967744,54,4131,11.860817748044816,4.497325605168072,19.67931673239573,0.021851354838709678,0.009658088737703224,0.0030269999999999997,25.902198197807298,5.275491395545842,31,15,16,31,0,0,0,181.1875,371.6666666666667,0.0,0.0,amazon-plug,android_lan_off,2021-08-02_01:45:57.37s,1627883179.4743001,TCP,device-metrics-us-2.amazon.com
261.5806451612903,54,4131,8.895613311033612,4.734995105576101,21.720409877647725,0.023291064516129032,0.009436894167995702,0.003268,25.340309602674363,5.198090908184087,31,16,15,31,0,0,0,165.33333333333334,351.8125,0.0,0.0,amazon-plug,android_lan_off,2021-08-02_04:49:42.37s,1627894202.819993,TCP,device-metrics-us-2.amazon.com
98.0,90,106,11.860817748044816,0.0,-2.0,0.014902,0.000444139208,0.014902,-2.0,0.0,2,1,1,2,0,0,0,90.0,106.0,0.0,0.0,amazon-plug,android_lan_off,2021-08-02_08:45:37.37s,1627908357.950754,DNS,neu.edu
183.16666666666666,54,449,48.92587321068486,0.7430230208586457,-1.3572656776536958,0.016071833333333334,0.00042959101760606065,0.005781,-0.606216823608948,1.1103673552237299,12,7,5,12,0,0,0,126.6,223.57142857142858,0.0,0.0,amazon-plug,android_lan_off,2021-08-02_00:00:57.37s,1627876877.880197,TCP,a1piwaqdydua5q.iot.us-east-1.amazonaws.com
98.0,90,106,11.860817748044816,0.0,-2.0,0.0018285,6.6868245000000004e-06,0.0018285,-2.0,0.0,2,1,1,2,0,0,0,90.0,106.0,0.0,0.0,amazon-plug,android_lan_off,2021-08-02_07:53:14.37s,1627905214.9283378,DNS,neu.edu
183.16666666666666,54,449,48.92587321068486,0.7430230208586457,-1.3572656776536958,0.021941166666666664,0.0018983711670606063,0.0061730000000000005,5.145543285365518,2.5548015152703005,12,7,5,12,0,0,0,126.6,223.57142857142858,0.0,0.0,amazon-plug,android_lan_off,2021-08-02_03:04:44.38s,1627887905.177726,TCP,a1piwaqdydua5q.iot.us-east-1.amazonaws.com
194.9090909090909,54,449,48.92587321068486,0.6057014281767427,-1.5430822846264785,0.018104727272727272,0.00042053746301818175,0.009169,-0.8942119451711554,0.9149259899043696,11,7,4,11,0,0,0,144.75,223.57142857142858,0.0,0.0,amazon-plug,android_lan_off,2021-08-01_23:08:21.37s,1627873721.8345628,TCP,a1piwaqdydua5q.iot.us-east-1.amazonaws.com
69.5,54,85,22.98033438683683,0.0,-2.0,0.08817425000000001,0.028127215287583333,0.006536,-0.6691900724318498,1.1515071259018597,4,2,2,4,0,0,0,69.5,69.5,0.0,0.0,amazon-plug,android_lan_off,2021-08-02_08:45:37.37s,1627908367.392113,TCP,a1piwaqdydua5q.iot.us-east-1.amazonaws.com
54.0,54,54,0.0,0.0,-3.0,0.005853,6.851521799999999e-05,0.005853,-2.0,0.0,2,1,1,2,0,0,0,54.0,54.0,0.0,0.0,amazon-plug,android_lan_off,2021-08-02_08:45:37.37s,1627908337.6944451,TCP,a1piwaqdydua5q.iot.us-east-1.amazonaws.com
98.0,90,106,11.860817748044816,0.0,-2.0,0.001966,7.730311999999999e-06,0.001966,-2.0,0.0,2,1,1,2,0,0,0,90.0,106.0,0.0,0.0,amazon-plug,android_lan_off,2021-08-02_09:37:59.37s,1627911499.989815,DNS,neu.edu
183.16666666666666,54,449,48.92587321068486,0.7853693113234982,-1.2501604237744508,0.015522166666666668,0.00045785274851515163,0.0036230000000000004,-0.6014955030940987,1.1340210338139138,12,7,5,12,0,0,0,126.6,223.57142857142858,0.0,0.0,amazon-plug,android_lan_off,2021-08-02_08:45:37.37s,1627908357.2589478,TCP,a1piwaqdydua5q.iot.us-east-1.amazonaws.com
54.0,54,54,0.0,0.0,-3.0,0.005811,6.7535442e-05,0.005811,-2.0,0.0,2,1,1,2,0,0,0,54.0,54.0,0.0,0.0,amazon-plug,android_lan_off,2021-08-02_03:57:12.37s,1627891044.522159,TCP,a1piwaqdydua5q.iot.us-east-1.amazonaws.com
98.0,90,106,11.860817748044816,0.0,-2.0,0.0040535,3.2861724499999994e-05,0.0040535,-2.0,0.0,2,1,1,2,0,0,0,90.0,106.0,0.0,0.0,amazon-plug,android_lan_off,2021-08-02_06:08:17.37s,1627898918.863157,DNS,neu.edu
183.16666666666666,54,449,48.92587321068486,0.7430230208586457,-1.3572656776536958,0.01650958333333333,0.0004494457135378787,0.005707,-0.5462681690728712,1.1412403695029278,12,7,5,12,0,0,0,126.6,223.57142857142858,0.0,0.0,amazon-plug,android_lan_off,2021-08-02_09:37:59.37s,1627911499.39072,TCP,a1piwaqdydua5q.iot.us-east-1.amazonaws.com
273.35483870967744,54,4131,11.860817748044816,4.497325605168072,19.67931673239573,0.021833935483870966,0.008996515139462367,0.0031219999999999998,25.87020554378931,5.270814142906093,31,15,16,31,0,0,0,181.1875,371.6666666666667,0.0,0.0,amazon-plug,android_lan_off,2021-08-02_00:27:15.37s,1627878456.494998,TCP,device-metrics-us-2.amazon.com
164.71428571428572,54,449,24.46293660534243,0.9812466839701665,-0.9435717757650779,0.06278692857142856,0.03127740773299449,0.006718,8.781262430324695,3.25743523531091,14,8,6,14,0,0,0,114.5,202.375,0.0,0.0,amazon-plug,android_lan_off,2021-08-02_01:45:57.37s,1627883176.9981341,TCP,a1piwaqdydua5q.iot.us-east-1.amazonaws.com
183.16666666666666,54,449,48.92587321068486,0.7430230208586457,-1.3572656776536958,0.013466666666666663,0.0003819686175151514,0.005329500000000001,1.761464464478217,1.8136055055857963,12,7,5,12,0,0,0,126.6,223.57142857142858,0.0,0.0,amazon-plug,android_lan_off,2021-08-02_06:08:17.37s,1627898917.85664,TCP,a1piwaqdydua5q.iot.us-east-1.amazonaws.com
98.0,90,106,11.860817748044816,0.0,-2.0,0.001836,6.741791999999999e-06,0.001836,-2.0,0.0,2,1,1,2,0,0,0,90.0,106.0,0.0,0.0,amazon-plug,android_lan_off,2021-08-02_03:30:56.37s,1627889477.775913,DNS,neu.edu
98.0,90,106,11.860817748044816,0.0,-2.0,0.014438,0.00041691168799999997,0.014438,-2.0,0.0,2,1,1,2,0,0,0,90.0,106.0,0.0,0.0,amazon-plug,android_lan_off,2021-08-02_01:45:57.37s,1627883178.72049,DNS,neu.edu
183.16666666666666,54,449,48.92587321068486,0.7430230208586457,-1.3572656776536958,0.01566225,0.00043383519129545456,0.0059855,-0.45235862261981596,1.16048946977116,12,7,5,12,0,0,0,126.6,223.57142857142858,0.0,0.0,amazon-plug,android_lan_off,2021-08-02_09:11:47.38s,1627909928.1806612,TCP,a1piwaqdydua5q.iot.us-east-1.amazonaws.com
274.3,54,4131,10.378215529539213,4.420797044012072,18.927913576657108,0.02654856666666667,0.009527598537909193,0.0042725,21.959626608179452,4.793459292612095,30,15,15,30,0,0,0,176.93333333333334,371.6666666666667,0.0,0.0,amazon-plug,android_lan_off,2021-08-02_00:00:57.37s,1627876878.6588151,TCP,device-metrics-us-2.amazon.com
242.88888888888889,54,1514,10.378215529539213,2.4027836126374478,4.050292491950114,0.019447527777777772,0.0077968221299134916,0.0022,30.688336558495543,5.701950416488273,36,20,16,36,0,0,0,181.1875,292.25,0.0,0.0,amazon-plug,android_lan_off,2021-08-02_07:53:14.37s,1627905215.6493208,TCP,device-metrics-us-2.amazon.com
98.0,90,106,11.860817748044816,0.0,-2.0,0.001959,7.675361999999999e-06,0.001959,-2.0,0.0,2,1,1,2,0,0,0,90.0,106.0,0.0,0.0,amazon-plug,android_lan_off,2021-08-02_05:15:52.37s,1627895772.840544,DNS,neu.edu
249.4848484848485,54,4131,11.860817748044816,4.90231699528286,23.412708275577867,0.02181333333333333,0.008974045201104168,0.001678,27.25093311576081,5.375652638289836,33,17,16,33,0,0,0,158.875,334.7647058823529,0.0,0.0,amazon-plug,android_lan_off,2021-08-02_07:53:14.37s,1627905214.934816,TCP,device-metrics-us-2.amazon.com
54.0,54,54,0.0,0.0,-3.0,0.0058245,6.784960049999999e-05,0.0058245,-2.0,0.0,2,1,1,2,0,0,0,54.0,54.0,0.0,0.0,amazon-plug,android_lan_off,2021-08-01_23:08:21.37s,1627873715.772007,TCP,a1piwaqdydua5q.iot.us-east-1.amazonaws.com
273.35483870967744,54,4131,11.860817748044816,4.497325605168072,19.67931673239573,0.030557451612903238,0.011009427662055917,0.0036590000000000004,16.07031067480134,4.115287346589152,31,15,16,31,0,0,0,181.1875,371.6666666666667,0.0,0.0,amazon-plug,android_lan_off,2021-08-01_20:56:50.38s,1627865831.5722098,TCP,device-metrics-us-2.amazon.com
261.5806451612903,54,4131,8.895613311033612,4.734995105576101,21.720409877647725,0.022832709677419353,0.009360466536212904,0.002228,25.245717753355006,5.185535611037814,31,16,15,31,0,0,0,165.33333333333334,351.8125,0.0,0.0,amazon-plug,android_lan_off,2021-08-02_08:45:37.37s,1627908357.9852612,TCP,device-metrics-us-2.amazon.com
98.0,90,106,11.860817748044816,0.0,-2.0,0.0019905,7.924180500000001e-06,0.0019905,-2.0,0.0,2,1,1,2,0,0,0,90.0,106.0,0.0,0.0,amazon-plug,android_lan_off,2021-08-01_23:08:21.37s,1627873722.610608,DNS,neu.edu
183.16666666666666,54,449,48.92587321068486,0.7430230208586457,-1.3572656776536958,0.016527916666666666,0.0003606078440833333,0.0059115,-0.13786030333227473,1.1866247551446003,12,7,5,12,0,0,0,126.6,223.57142857142858,0.0,0.0,amazon-plug,android_lan_off,2021-08-02_02:38:32.37s,1627886332.7386029,TCP,a1piwaqdydua5q.iot.us-east-1.amazonaws.com
261.5806451612903,54,4131,8.895613311033612,4.734995105576101,21.720409877647725,0.02255180645161291,0.008986778469627955,0.003121,25.42709164074153,5.209801857884099,31,16,15,31,0,0,0,165.33333333333334,351.8125,0.0,0.0,amazon-plug,android_lan_off,2021-08-02_09:37:59.37s,1627911499.9973972,TCP,device-metrics-us-2.amazon.com
346.0,342,350,5.930408874022408,0.0,-2.0,0.07786900000000001,0.012127162322000002,0.07786900000000001,-2.0,0.0,2,0,0,0,2,1,1,0.0,0.0,350.0,342.0,amazon-plug,android_lan_off,2021-08-02_08:45:37.37s,1627908364.307513,DHCP,22:ef:03:1a:97:b9
273.35483870967744,54,4131,11.860817748044816,4.497325605168072,19.67931673239573,0.02148316129032258,0.009002982835206452,0.0032840000000000005,25.91947585722234,5.2780192214852955,31,15,16,31,0,0,0,181.1875,371.6666666666667,0.0,0.0,amazon-plug,android_lan_off,2021-08-02_09:37:59.37s,1627911500.690567,TCP,device-metrics-us-2.amazon.com
194.9090909090909,54,449,48.92587321068486,0.6057014281767427,-1.5430822846264785,0.013832727272727273,0.0003177335392181818,0.009752,0.5772594777862152,1.4756514123183668,11,7,4,11,0,0,0,144.75,223.57142857142858,0.0,0.0,amazon-plug,android_lan_off,2021-08-02_08:19:24.38s,1627906785.00551,TCP,a1piwaqdydua5q.iot.us-east-1.amazonaws.com
261.5806451612903,54,4131,8.895613311033612,4.734995105576101,21.720409877647725,0.022695677419354833,0.00914427981469247,0.0019039999999999999,25.302382824328216,5.193025073149817,31,16,15,31,0,0,0,165.33333333333334,351.8125,0.0,0.0,amazon-plug,android_lan_off,2021-08-02_03:30:56.37s,1627889477.7840621,TCP,device-metrics-us-2.amazon.com
74.66666666666667,54,85,0.0,-0.7071067811865486,-1.4999999999999991,0.07976033333333334,0.01603432933633333,0.013512999999999999,-1.5000000000000002,0.6980583259639578,3,1,2,3,0,0,0,69.5,85.0,0.0,0.0,amazon-plug,android_lan_off,2021-08-02_06:08:17.37s,1627898910.12947,TCP,a1piwaqdydua5q.iot.us-east-1.amazonaws.com
183.16666666666666,54,449,48.92587321068486,0.7430230208586457,-1.3572656776536958,0.01254516666666667,0.0003201887114242425,0.0046375,1.2855627373215475,1.7177868685102724,12,7,5,12,0,0,0,126.6,223.57142857142858,0.0,0.0,amazon-plug,android_lan_off,2021-08-02_03:30:56.37s,1627889476.891719,TCP,a1piwaqdydua5q.iot.us-east-1.amazonaws.com
98.0,90,106,11.860817748044816,0.0,-2.0,0.001854,6.874631999999999e-06,0.001854,-2.0,0.0,2,1,1,2,0,0,0,90.0,106.0,0.0,0.0,amazon-plug,android_lan_off,2021-08-02_09:11:47.38s,1627909928.978332,DNS,neu.edu
261.5806451612903,54,4131,8.895613311033612,4.734995105576101,21.720409877647725,0.023346483870967733,0.008879292243458065,0.003861,25.40314729941244,5.205980336176302,31,16,15,31,0,0,0,165.33333333333334,351.8125,0.0,0.0,amazon-plug,android_lan_off,2021-08-02_01:45:57.37s,1627883178.758456,TCP,device-metrics-us-2.amazon.com
98.0,90,106,11.860817748044816,0.0,-2.0,0.0018925,7.163112500000001e-06,0.0018925,-2.0,0.0,2,1,1,2,0,0,0,90.0,106.0,0.0,0.0,amazon-plug,android_lan_off,2021-08-02_02:12:13.37s,1627884754.7249548,DNS,neu.edu
273.35483870967744,54,4131,11.860817748044816,4.497325605168072,19.67931673239573,0.022015419354838715,0.009088630138251612,0.003507,25.840659048280568,5.266580072578006,31,15,16,31,0,0,0,181.1875,371.6666666666667,0.0,0.0,amazon-plug,android_lan_off,2021-08-02_09:11:47.38s,1627909929.683699,TCP,device-metrics-us-2.amazon.com
74.66666666666667,54,85,0.0,-0.7071067811865486,-1.4999999999999991,0.13279466666666664,0.04456048187733333,0.022175999999999998,-1.4999999999999998,0.6983376978147722,3,1,2,3,0,0,0,69.5,85.0,0.0,0.0,amazon-plug,android_lan_off,2021-08-02_05:15:52.37s,1627895756.45972,TCP,a1piwaqdydua5q.iot.us-east-1.amazonaws.com
194.9090909090909,54,449,48.92587321068486,0.6057014281767427,-1.5430822846264785,0.017240545454545456,0.00036398650447272727,0.009958,-0.17203880627611,1.149580598550421,11,7,4,11,0,0,0,144.75,223.57142857142858,0.0,0.0,amazon-plug,android_lan_off,2021-08-02_02:12:13.37s,1627884753.835336,TCP,a1piwaqdydua5q.iot.us-east-1.amazonaws.com
261.5806451612903,54,4131,8.895613311033612,4.734995105576101,21.72040987764772,0.023579290322580646,0.00901248003727957,0.0030670000000000003,25.228230975956755,5.182511529756619,31,16,15,31,0,0,0,165.33333333333334,351.8125,0.0,0.0,amazon-plug,android_lan_off,2021-08-02_05:15:52.37s,1627895772.848232,TCP,device-metrics-us-2.amazon.com
161.46666666666667,54,449,45.96066877367366,1.0830172916593788,-0.7204274332738714,0.06209006666666666,0.015568923435066662,0.01152,2.933697004973941,2.1566279095839933,15,8,7,15,0,0,0,110.28571428571429,206.25,0.0,0.0,amazon-plug,android_lan_off,2021-08-02_07:53:14.37s,1627905214.0966098,TCP,a1piwaqdydua5q.iot.us-east-1.amazonaws.com
54.0,54,54,0.0,0.0,-3.0,0.0058909999999999995,6.940776199999999e-05,0.0058909999999999995,-2.0,0.0,2,1,1,2,0,0,0,54.0,54.0,0.0,0.0,amazon-plug,android_lan_off,2021-08-01_20:56:50.38s,1627865820.803558,TCP,a1piwaqdydua5q.iot.us-east-1.amazonaws.com
183.16666666666666,54,449,48.92587321068486,0.7430230208586457,-1.3572656776536958,0.016636750000000002,0.0004708289358409091,0.0056285,-0.5909738170936487,1.1143111463769653,12,7,5,12,0,0,0,126.6,223.57142857142858,0.0,0.0,amazon-plug,android_lan_off,2021-08-02_05:15:52.37s,1627895772.457522,TCP,a1piwaqdydua5q.iot.us-east-1.amazonaws.com
194.54545454545453,54,448,48.92587321068486,0.6059037743229466,-1.5423974847523747,0.018739999999999996,0.0006047096457999999,0.005189,-0.9619936061194405,0.9832904762570501,11,7,4,11,0,0,0,144.5,223.14285714285714,0.0,0.0,amazon-plug,android_lan_on,2021-08-02_02:12:52.37s,1627884792.65882,TCP,a1piwaqdydua5q.iot.us-east-1.amazonaws.com
261.5806451612903,54,4131,8.895613311033612,4.734995105576101,21.720409877647725,0.022544161290322585,0.009075229802739785,0.00173,25.28318521026498,5.190472615589987,31,16,15,31,0,0,0,165.33333333333334,351.8125,0.0,0.0,amazon-plug,android_lan_off,2021-08-02_02:38:32.37s,1627886333.769513,TCP,device-metrics-us-2.amazon.com
273.35483870967744,54,4131,11.860817748044816,4.497325605168072,19.67931673239573,0.040245548387096784,0.020873057388722575,0.003614,15.872216680119955,4.096344048014595,31,15,16,31,0,0,0,181.1875,371.6666666666667,0.0,0.0,amazon-plug,android_lan_off,2021-08-01_23:08:21.37s,1627873722.6191149,TCP,device-metrics-us-2.amazon.com
226.22222222222223,54,449,48.92587321068486,0.3320888844008519,-1.7621199259360907,0.02042422222222222,0.0004850606956944444,0.009894,-1.086002683239749,0.7285409089431188,9,5,4,9,0,0,0,144.75,291.4,0.0,0.0,amazon-plug,android_lan_off,2021-08-01_20:56:50.38s,1627865831.0756748,TCP,a1piwaqdydua5q.iot.us-east-1.amazonaws.com
54.0,54,54,0.0,0.0,-3.0,0.0057705,6.65973405e-05,0.0057705,-2.0,0.0,2,1,1,2,0,0,0,54.0,54.0,0.0,0.0,amazon-plug,android_lan_on,2021-08-02_06:35:17.37s,1627900528.848474,TCP,a1piwaqdydua5q.iot.us-east-1.amazonaws.com
54.0,54,54,0.0,0.0,-3.0,0.005723,6.550545799999999e-05,0.005723,-2.0,0.0,2,1,1,2,0,0,0,54.0,54.0,0.0,0.0,amazon-plug,android_lan_off,2021-08-02_09:37:59.37s,1627911490.2383769,TCP,a1piwaqdydua5q.iot.us-east-1.amazonaws.com
54.0,54,54,0.0,0.0,-3.0,0.0057845,6.69208805e-05,0.0057845,-2.0,0.0,2,1,1,2,0,0,0,54.0,54.0,0.0,0.0,amazon-plug,android_lan_off,2021-08-02_08:19:24.38s,1627906775.516609,TCP,a1piwaqdydua5q.iot.us-east-1.amazonaws.com
54.0,54,54,0.0,0.0,-3.0,0.0058395,6.81995205e-05,0.0058395,-2.0,0.0,2,1,1,2,0,0,0,54.0,54.0,0.0,0.0,amazon-plug,android_lan_off,2021-08-02_02:38:32.37s,1627886330.349187,TCP,a1piwaqdydua5q.iot.us-east-1.amazonaws.com
273.35483870967744,54,4131,11.860817748044816,4.497325605168072,19.67931673239573,0.021021709677419353,0.008949855981279564,0.00256,25.8915241005904,5.273979718737695,31,15,16,31,0,0,0,181.1875,371.6666666666667,0.0,0.0,amazon-plug,android_lan_off,2021-08-02_08:19:24.38s,1627906786.64458,TCP,device-metrics-us-2.amazon.com
261.5806451612903,54,4131,8.895613311033612,4.734995105576101,21.720409877647725,0.02213903225806452,0.009158413050365593,0.002585,25.43121238171485,5.210450869534435,31,16,15,31,0,0,0,165.33333333333334,351.8125,0.0,0.0,amazon-plug,android_lan_off,2021-08-02_08:19:24.38s,1627906785.94348,TCP,device-metrics-us-2.amazon.com
346.0,342,350,5.930408874022408,0.0,-2.0,0.0936405,0.0175370864805,0.0936405,-2.0,0.0,2,0,0,0,2,1,1,0.0,0.0,350.0,342.0,amazon-plug,android_lan_on,2021-08-01_21:50:02.37s,1627869013.784644,DHCP,22:ef:03:1a:97:b9
273.35483870967744,54,4131,11.860817748044816,4.497325605168072,19.67931673239573,0.021116258064516127,0.008975871748264514,0.003266,25.91280505454309,5.277045130508977,31,15,16,31,0,0,0,181.1875,371.6666666666667,0.0,0.0,amazon-plug,android_lan_off,2021-08-02_03:30:56.37s,1627889478.4832659,TCP,device-metrics-us-2.amazon.com
54.0,54,54,0.0,0.0,-3.0,0.0057895,6.703662050000001e-05,0.0057895,-2.0,0.0,2,1,1,2,0,0,0,54.0,54.0,0.0,0.0,amazon-plug,android_lan_off,2021-08-02_02:12:13.37s,1627884739.4153957,TCP,a1piwaqdydua5q.iot.us-east-1.amazonaws.com
194.54545454545453,54,448,48.92587321068486,0.6059037743229466,-1.5423974847523747,0.017233818181818183,0.0004627452447636364,0.008148,-0.9358619057360884,0.9506958102698273,11,7,4,11,0,0,0,144.5,223.14285714285714,0.0,0.0,amazon-plug,android_lan_on,2021-08-02_01:20:22.37s,1627881642.2748978,TCP,a1piwaqdydua5q.iot.us-east-1.amazonaws.com
238.74285714285713,54,4131,0.0,5.063767379959918,25.102772044020263,0.020311142857142857,0.008018726122302519,0.002757,29.24577916691438,5.557695216138816,35,16,19,35,0,0,0,143.52631578947367,351.8125,0.0,0.0,amazon-plug,android_lan_off,2021-08-02_09:11:47.38s,1627909928.985786,TCP,device-metrics-us-2.amazon.com
266.75,54,4131,11.860817748044816,4.578423963307313,20.458633611549683,0.020879468749999994,0.008708208668257058,0.0028994999999999997,26.894268192976014,5.368359081934015,32,16,16,32,0,0,0,181.1875,352.3125,0.0,0.0,amazon-plug,android_lan_off,2021-08-02_02:12:13.37s,1627884755.448975,TCP,device-metrics-us-2.amazon.com
54.0,54,54,0.0,0.0,-3.0,0.005775,6.670124999999999e-05,0.005775,-2.0,0.0,2,1,1,2,0,0,0,54.0,54.0,0.0,0.0,amazon-plug,android_lan_on,2021-08-02_01:46:36.37s,1627883208.0069172,TCP,a1piwaqdydua5q.iot.us-east-1.amazonaws.com
273.35483870967744,54,4131,11.860817748044816,4.497325605168072,19.67931673239573,0.022019838709677417,0.009161057100939791,0.0035659999999999997,25.88301609992882,5.272674153187301,31,15,16,31,0,0,0,181.1875,371.6666666666667,0.0,0.0,amazon-plug,android_lan_off,2021-08-02_05:15:52.37s,1627895773.5724142,TCP,device-metrics-us-2.amazon.com
255.09375,54,2671,10.378215529539213,3.394361737821844,11.13889201505276,0.0226563125,0.008896977587254032,0.0032354999999999997,26.215542037050216,5.276962470084163,32,17,15,32,0,0,0,165.33333333333334,334.29411764705884,0.0,0.0,amazon-plug,android_lan_off,2021-08-02_02:12:13.37s,1627884754.732486,TCP,device-metrics-us-2.amazon.com
69.5,54,85,22.98033438683683,0.0,-2.0,0.1189255,0.052662659249666656,0.0063195000000000005,-0.66804548100707,1.1529451676495048,4,2,2,4,0,0,0,69.5,69.5,0.0,0.0,amazon-plug,android_lan_on,2021-08-02_06:35:17.37s,1627900531.372878,TCP,a1piwaqdydua5q.iot.us-east-1.amazonaws.com
172.92307692307693,54,448,48.92587321068486,0.9078573390555319,-1.0394940085716744,0.012315615384615385,0.00027897587825641024,0.005705,1.7946184790899373,1.800306109233924,13,8,5,13,0,0,0,126.4,202.0,0.0,0.0,amazon-plug,android_lan_on,2021-08-02_05:16:31.37s,1627895811.3342042,TCP,a1piwaqdydua5q.iot.us-east-1.amazonaws.com
54.0,54,54,0.0,0.0,-3.0,0.0058649999999999996,6.879644999999999e-05,0.0058649999999999996,-2.0,0.0,2,1,1,2,0,0,0,54.0,54.0,0.0,0.0,amazon-plug,android_lan_on,2021-08-01_22:16:20.37s,1627870592.1857529,TCP,a1piwaqdydua5q.iot.us-east-1.amazonaws.com
208.6,54,448,48.92587321068486,0.5021654612423953,-1.6180546655565464,0.0164948,0.00046950729684444445,0.0075875,0.15171520630388535,1.4220875888219195,10,6,4,10,0,0,0,144.5,251.33333333333334,0.0,0.0,amazon-plug,android_lan_on,2021-08-02_08:20:03.38s,1627906824.102768,TCP,a1piwaqdydua5q.iot.us-east-1.amazonaws.com
69.5,54,85,22.98033438683683,0.0,-2.0,0.06649025,0.015504833074916666,0.0064305,-0.6715885099040761,1.1485411736294344,4,2,2,4,0,0,0,69.5,69.5,0.0,0.0,amazon-plug,android_lan_on,2021-08-01_21:50:02.37s,1627869003.311357,TCP,a1piwaqdydua5q.iot.us-east-1.amazonaws.com
98.0,90,106,11.860817748044816,0.0,-2.0,0.015244,0.000464759072,0.015244,-2.0,0.0,2,1,1,2,0,0,0,90.0,106.0,0.0,0.0,amazon-plug,android_lan_off,2021-08-01_20:56:50.38s,1627865831.536407,DNS,neu.edu
208.6,54,811,48.92587321068486,1.538407260608343,1.109303390182382,0.0141513,0.00034926847712222234,0.006314999999999999,0.21872408879553973,1.3903194677593018,10,6,4,10,0,0,0,144.5,251.33333333333334,0.0,0.0,amazon-plug,android_lan_on,2021-08-02_06:35:17.37s,1627900537.300846,TCP,a1piwaqdydua5q.iot.us-east-1.amazonaws.com
346.0,342,350,5.930408874022408,0.0,-2.0,0.0773525,0.011966818512500001,0.0773525,-2.0,0.0,2,0,0,0,2,1,1,0.0,0.0,350.0,342.0,amazon-plug,android_lan_on,2021-08-02_01:20:22.37s,1627881629.98963,DHCP,22:ef:03:1a:97:b9
54.0,54,54,0.0,0.0,-3.0,0.005771500000000001,6.662042450000001e-05,0.005771500000000001,-2.0,0.0,2,1,1,2,0,0,0,54.0,54.0,0.0,0.0,amazon-plug,android_lan_on,2021-08-02_00:01:36.37s,1627876908.1182349,TCP,a1piwaqdydua5q.iot.us-east-1.amazonaws.com
98.0,90,106,11.860817748044816,0.0,-2.0,0.0141995,0.0004032516005,0.0141995,-2.0,0.0,2,1,1,2,0,0,0,90.0,106.0,0.0,0.0,amazon-plug,android_lan_off,2021-08-02_02:38:32.37s,1627886333.7363162,DNS,neu.edu
54.0,54,54,0.0,0.0,-3.0,0.005799,6.7256802e-05,0.005799,-2.0,0.0,2,1,1,2,0,0,0,54.0,54.0,0.0,0.0,amazon-plug,android_lan_on,2021-08-02_06:08:56.37s,1627898948.38845,TCP,a1piwaqdydua5q.iot.us-east-1.amazonaws.com
54.0,54,54,0.0,0.0,-3.0,0.0058005,6.72916005e-05,0.0058005,-2.0,0.0,2,1,1,2,0,0,0,54.0,54.0,0.0,0.0,amazon-plug,android_lan_on,2021-08-02_05:16:31.37s,1627895802.889288,TCP,a1piwaqdydua5q.iot.us-east-1.amazonaws.com
172.92307692307693,54,448,48.92587321068486,0.9078573390555317,-1.0394940085716748,0.012447538461538458,0.00019745671093589746,0.00981,4.990148864480186,2.332601415586716,13,8,5,13,0,0,0,126.4,202.0,0.0,0.0,amazon-plug,android_lan_on,2021-08-02_03:31:35.38s,1627889515.997907,TCP,a1piwaqdydua5q.iot.us-east-1.amazonaws.com
69.5,54,85,22.98033438683683,0.0,-2.0,0.12298650000000001,0.056394505339666674,0.006418,-0.6680251531080881,1.1529710107733975,4,2,2,4,0,0,0,69.5,69.5,0.0,0.0,amazon-plug,android_lan_on,2021-08-01_23:09:00.38s,1627873776.294986,TCP,a1piwaqdydua5q.iot.us-east-1.amazonaws.com
273.35483870967744,54,4131,11.860817748044816,4.497325605168072,19.67931673239573,0.021521709677419357,0.009135205040612902,0.0032170000000000002,25.892261169475578,5.274056327964167,31,15,16,31,0,0,0,181.1875,371.6666666666667,0.0,0.0,amazon-plug,android_lan_off,2021-08-02_02:38:32.37s,1627886334.479209,TCP,device-metrics-us-2.amazon.com
54.0,54,54,0.0,0.0,-3.0,0.0058555,6.857376049999999e-05,0.0058555,-2.0,0.0,2,1,1,2,0,0,0,54.0,54.0,0.0,0.0,amazon-plug,android_lan_on,2021-08-02_08:20:03.38s,1627906815.55217,TCP,a1piwaqdydua5q.iot.us-east-1.amazonaws.com
208.6,54,448,48.92587321068486,0.502165461242395,-1.618054665556547,0.017191500000000002,0.00035975622916666663,0.0123945,0.8924615600237127,1.4085731289580568,10,6,4,10,0,0,0,144.5,251.33333333333334,0.0,0.0,amazon-plug,android_lan_on,2021-08-02_07:01:31.37s,1627902111.976961,TCP,a1piwaqdydua5q.iot.us-east-1.amazonaws.com
194.54545454545453,54,448,48.92587321068486,0.6059037743229466,-1.5423974847523747,0.012860272727272727,0.0003402653784181818,0.003201,0.9818698144763567,1.6075463525119003,11,7,4,11,0,0,0,144.5,223.14285714285714,0.0,0.0,amazon-plug,android_lan_on,2021-08-02_03:05:23.37s,1627887943.9360602,TCP,a1piwaqdydua5q.iot.us-east-1.amazonaws.com
98.0,90,106,11.860817748044816,0.0,-2.0,0.0018685,6.982584499999999e-06,0.0018685,-2.0,0.0,2,1,1,2,0,0,0,90.0,106.0,0.0,0.0,amazon-plug,android_lan_off,2021-08-02_08:19:24.38s,1627906785.936951,DNS,neu.edu
69.5,54,85,22.98033438683683,0.0,-2.0,0.08295549999999999,0.02479885202166666,0.0063915,-0.6696941892679682,1.1508822812053594,4,2,2,4,0,0,0,69.5,69.5,0.0,0.0,amazon-plug,android_lan_on,2021-08-02_08:20:03.38s,1627906836.220996,TCP,a1piwaqdydua5q.iot.us-east-1.amazonaws.com
194.54545454545453,54,448,48.92587321068486,0.6059037743229466,-1.5423974847523747,0.017299545454545453,0.00046845551147272734,0.006905,-0.7529566126247356,1.0266050041428834,11,7,4,11,0,0,0,144.5,223.14285714285714,0.0,0.0,amazon-plug,android_lan_on,2021-08-02_03:57:51.37s,1627891091.6695812,TCP,a1piwaqdydua5q.iot.us-east-1.amazonaws.com
54.0,54,54,0.0,0.0,-3.0,0.0058744999999999995,6.901950049999999e-05,0.0058744999999999995,-2.0,0.0,2,1,1,2,0,0,0,54.0,54.0,0.0,0.0,amazon-plug,android_lan_on,2021-08-02_07:27:43.37s,1627903674.950115,TCP,a1piwaqdydua5q.iot.us-east-1.amazonaws.com
194.54545454545453,54,448,48.92587321068486,0.6059037743229466,-1.5423974847523747,0.012631272727272729,0.0003137605022181818,0.004779,0.7307971236825455,1.534770140659335,11,7,4,11,0,0,0,144.5,223.14285714285714,0.0,0.0,amazon-plug,android_lan_on,2021-08-02_00:01:36.37s,1627876916.666179,TCP,a1piwaqdydua5q.iot.us-east-1.amazonaws.com
69.5,54,85,22.98033438683683,0.0,-2.0,0.12084674999999999,0.05443867617291665,0.0063230000000000005,-0.668015165559996,1.1529834849638525,4,2,2,4,0,0,0,69.5,69.5,0.0,0.0,amazon-plug,android_lan_off,2021-08-02_02:12:13.37s,1627884768.975847,TCP,a1piwaqdydua5q.iot.us-east-1.amazonaws.com
54.0,54,54,0.0,0.0,-3.0,0.0058905,6.93959805e-05,0.0058905,-2.0,0.0,2,1,1,2,0,0,0,54.0,54.0,0.0,0.0,amazon-plug,android_lan_on,2021-08-01_23:09:00.38s,1627873752.2874541,TCP,a1piwaqdydua5q.iot.us-east-1.amazonaws.com
194.54545454545453,54,448,48.92587321068486,0.6059037743229466,-1.5423974847523747,0.024067636363636367,0.002215426363854546,0.007396,4.518082429678334,2.4444757542039706,11,7,4,11,0,0,0,144.5,223.14285714285714,0.0,0.0,amazon-plug,android_lan_on,2021-08-01_23:09:00.38s,1627873761.076927,TCP,a1piwaqdydua5q.iot.us-east-1.amazonaws.com
182.83333333333334,54,448,48.92587321068486,0.7432096994944078,-1.3565467873877273,0.011832666666666667,0.00031859980678787883,0.004184500000000001,1.0271268399667113,1.6427907037298115,12,7,5,12,0,0,0,126.4,223.14285714285714,0.0,0.0,amazon-plug,android_lan_on,2021-08-02_01:46:36.37s,1627883216.6111891,TCP,a1piwaqdydua5q.iot.us-east-1.amazonaws.com
194.54545454545453,54,448,48.92587321068486,0.6059037743229466,-1.5423974847523747,0.017606,0.0005185161424000001,0.0057020000000000005,-0.9186179447183873,0.9793869263651306,11,7,4,11,0,0,0,144.5,223.14285714285714,0.0,0.0,amazon-plug,android_lan_on,2021-08-02_04:50:21.37s,1627894241.883441,TCP,a1piwaqdydua5q.iot.us-east-1.amazonaws.com
182.83333333333334,54,448,48.92587321068486,0.7432096994944078,-1.3565467873877273,0.01551875,0.0004613788331136363,0.0034675,-0.5859535500088886,1.1350893619914826,12,7,5,12,0,0,0,126.4,223.14285714285714,0.0,0.0,amazon-plug,android_lan_on,2021-08-01_23:35:14.37s,1627875334.495295,TCP,a1piwaqdydua5q.iot.us-east-1.amazonaws.com
346.0,342,350,5.930408874022408,0.0,-2.0,0.057529,0.006619171681999999,0.057529,-2.0,0.0,2,0,0,0,2,1,1,0.0,0.0,350.0,342.0,amazon-plug,android_lan_on,2021-08-02_03:05:23.37s,1627887937.8809068,DHCP,22:ef:03:1a:97:b9
182.83333333333334,54,448,48.92587321068486,0.7432096994944078,-1.3565467873877273,0.01604241666666667,0.0005019013993560607,0.005102000000000001,-0.5588595155847158,1.1362032042624113,12,7,5,12,0,0,0,126.4,223.14285714285714,0.0,0.0,amazon-plug,android_lan_on,2021-08-01_20:57:29.38s,1627865870.043142,TCP,a1piwaqdydua5q.iot.us-east-1.amazonaws.com
194.54545454545453,54,448,48.92587321068486,0.6059037743229466,-1.5423974847523747,0.013273636363636364,0.00031726616765454543,0.005554,0.5974497704971506,1.5205036161411885,11,7,4,11,0,0,0,144.5,223.14285714285714,0.0,0.0,amazon-plug,android_lan_on,2021-08-01_22:16:20.37s,1627870600.4758918,TCP,a1piwaqdydua5q.iot.us-east-1.amazonaws.com
161.2,54,448,45.96066877367366,1.0831588723714303,-0.7195872870560618,0.05855746666666666,0.024867363502266676,0.006055,9.540246295199031,3.3529978270889536,15,9,6,15,0,0,0,119.5,189.0,0.0,0.0,amazon-plug,android_lan_on,2021-08-02_07:27:43.37s,1627903682.882098,TCP,a1piwaqdydua5q.iot.us-east-1.amazonaws.com
54.0,54,54,0.0,0.0,-3.0,0.0057365,6.58148645e-05,0.0057365,-2.0,0.0,2,1,1,2,0,0,0,54.0,54.0,0.0,0.0,amazon-plug,android_lan_on,2021-08-02_02:39:11.37s,1627886363.364896,TCP,a1piwaqdydua5q.iot.us-east-1.amazonaws.com
225.77777777777777,54,448,48.92587321068486,0.332656562040014,-1.7612267874480116,0.01860088888888889,0.0004036293986111111,0.006357,-1.147363485192081,0.7014346819447118,9,5,4,9,0,0,0,144.5,290.8,0.0,0.0,amazon-plug,android_lan_on,2021-08-01_21:50:02.37s,1627869022.654158,TCP,a1piwaqdydua5q.iot.us-east-1.amazonaws.com
194.54545454545453,54,448,48.92587321068486,0.6059037743229466,-1.5423974847523747,0.016791636363636363,0.0004930740608545454,0.0036200000000000004,-0.76233771739928,1.0362745833939246,11,7,4,11,0,0,0,144.5,223.14285714285714,0.0,0.0,amazon-plug,android_lan_on,2021-08-02_05:42:44.37s,1627897384.608408,TCP,a1piwaqdydua5q.iot.us-east-1.amazonaws.com
194.54545454545453,54,448,48.92587321068486,0.6059037743229466,-1.5423974847523747,0.016622545454545456,0.00045513643467272726,0.00449,-0.863401240833066,1.0063600641804238,11,7,4,11,0,0,0,144.5,223.14285714285714,0.0,0.0,amazon-plug,android_lan_on,2021-08-02_08:46:15.38s,1627908395.9143991,TCP,a1piwaqdydua5q.iot.us-east-1.amazonaws.com
346.0,342,350,5.930408874022408,0.0,-2.0,0.101871,0.020755401282000003,0.101871,-2.0,0.0,2,0,0,0,2,1,1,0.0,0.0,350.0,342.0,amazon-plug,android_lan_on,2021-08-02_04:50:21.37s,1627894245.958283,DHCP,22:ef:03:1a:97:b9
69.5,54,85,22.98033438683683,0.0,-2.0,0.028603000000000003,0.0024052846900000004,0.0063315,-0.6988975615940709,1.1164286857262302,4,2,2,4,0,0,0,69.5,69.5,0.0,0.0,amazon-plug,android_lan_on,2021-08-01_20:57:29.38s,1627865850.203147,TCP,a1piwaqdydua5q.iot.us-east-1.amazonaws.com
69.5,54,85,22.98033438683683,0.0,-2.0,0.02601925,0.0019285394249166663,0.006321,-0.7060197395959262,1.108333093407075,4,2,2,4,0,0,0,69.5,69.5,0.0,0.0,amazon-plug,android_lan_on,2021-08-02_05:42:44.37s,1627897378.799368,TCP,a1piwaqdydua5q.iot.us-east-1.amazonaws.com
194.54545454545453,54,448,48.92587321068486,0.6059037743229466,-1.5423974847523747,0.012975818181818182,0.00031028710556363636,0.005241,0.7953753832773227,1.579047362934541,11,7,4,11,0,0,0,144.5,223.14285714285714,0.0,0.0,amazon-plug,android_lan_on,2021-08-02_06:08:56.37s,1627898956.670417,TCP,a1piwaqdydua5q.iot.us-east-1.amazonaws.com
54.0,54,54,0.0,0.0,-3.0,0.005824,6.7837952e-05,0.005824,-2.0,0.0,2,1,1,2,0,0,0,54.0,54.0,0.0,0.0,amazon-plug,android_lan_on,2021-08-01_22:42:48.38s,1627872185.217559,TCP,a1piwaqdydua5q.iot.us-east-1.amazonaws.com
182.83333333333334,54,448,48.92587321068486,0.743209699494408,-1.3565467873877273,0.012741,0.00026170218163636355,0.0083635,2.14004964106224,1.7358240964805403,12,7,5,12,0,0,0,126.4,223.14285714285714,0.0,0.0,amazon-plug,android_lan_on,2021-08-02_07:53:53.37s,1627905253.8869991,TCP,a1piwaqdydua5q.iot.us-east-1.amazonaws.com
54.0,54,54,0.0,0.0,-3.0,0.005804,6.7372832e-05,0.005804,-2.0,0.0,2,1,1,2,0,0,0,54.0,54.0,0.0,0.0,amazon-plug,android_lan_on,2021-08-02_03:31:35.38s,1627889507.5671,TCP,a1piwaqdydua5q.iot.us-east-1.amazonaws.com
54.0,54,54,0.0,0.0,-3.0,0.005786,6.6955592e-05,0.005786,-2.0,0.0,2,1,1,2,0,0,0,54.0,54.0,0.0,0.0,amazon-plug,android_lan_on,2021-08-02_07:01:31.37s,1627902103.450706,TCP,a1piwaqdydua5q.iot.us-east-1.amazonaws.com
69.5,54,85,22.98033438683683,0.0,-2.0,0.08805824999999999,0.028130128538916666,0.006359500000000001,-0.6693672797564116,1.1512897477207054,4,2,2,4,0,0,0,69.5,69.5,0.0,0.0,amazon-plug,android_lan_on,2021-08-02_03:57:51.37s,1627891073.6981628,TCP,a1piwaqdydua5q.iot.us-east-1.amazonaws.com
69.5,54,85,22.98033438683683,0.0,-2.0,0.08998199999999999,0.029408121684666663,0.0064185,-0.6692669558676685,1.1514145055448863,4,2,2,4,0,0,0,69.5,69.5,0.0,0.0,amazon-plug,android_lan_on,2021-08-02_00:01:36.37s,1627876929.760149,TCP,a1piwaqdydua5q.iot.us-east-1.amazonaws.com
346.0,342,350,5.930408874022408,0.0,-2.0,0.1051385,0.022108208364499997,0.1051385,-2.0,0.0,2,0,0,0,2,1,1,0.0,0.0,350.0,342.0,amazon-plug,android_lan_on,2021-08-01_23:35:14.37s,1627875322.000278,DHCP,22:ef:03:1a:97:b9
182.83333333333334,54,448,48.92587321068486,0.7432096994944078,-1.3565467873877273,0.012807916666666667,0.0003846624122651514,0.0034575,1.2627764133265806,1.7158288444784695,12,7,5,12,0,0,0,126.4,223.14285714285714,0.0,0.0,amazon-plug,android_lan_on,2021-08-02_02:39:11.37s,1627886371.8232908,TCP,a1piwaqdydua5q.iot.us-east-1.amazonaws.com
69.5,54,85,22.98033438683683,0.0,-2.0,0.06450325,0.014526857848916669,0.006445499999999999,-0.671891585767471,1.1481681699748978,4,2,2,4,0,0,0,69.5,69.5,0.0,0.0,amazon-plug,android_lan_on,2021-08-02_04:50:21.37s,1627894225.913052,TCP,a1piwaqdydua5q.iot.us-east-1.amazonaws.com
54.0,54,54,0.0,0.0,-3.0,0.005834000000000001,6.807111200000002e-05,0.005834000000000001,-2.0,0.0,2,1,1,2,0,0,0,54.0,54.0,0.0,0.0,amazon-plug,android_lan_on,2021-08-02_05:42:44.37s,1627897375.9033651,TCP,a1piwaqdydua5q.iot.us-east-1.amazonaws.com
54.0,54,54,0.0,0.0,-3.0,0.005866,6.8819912e-05,0.005866,-2.0,0.0,2,1,1,2,0,0,0,54.0,54.0,0.0,0.0,amazon-plug,android_lan_on,2021-08-02_07:53:53.37s,1627905245.4448452,TCP,a1piwaqdydua5q.iot.us-east-1.amazonaws.com
194.54545454545453,54,448,48.92587321068486,0.6059037743229466,-1.5423974847523747,0.017391363636363635,0.0004910904572545453,0.005997,-0.7245650855458461,1.0170775415844613,11,7,4,11,0,0,0,144.5,223.14285714285714,0.0,0.0,amazon-plug,android_lan_on,2021-08-01_22:42:48.38s,1627872189.018454,TCP,a1piwaqdydua5q.iot.us-east-1.amazonaws.com
